og_larvalID,larvalID,Ucrit,SL,dam,sire,tank,date,Send.to.NJ,Group
5.06,05.06,8.17,4.34,119,162,C2:4,5/28/19,1,High
5.08,05.08,1.1,NA,119,162,C2:4,5/28/19,1,Low
5.15,05.15,2.27,4.32,119,162,C2:4,5/28/19,1,Low
5.23,05.23,8.33,4.32,119,162,C2:4,5/28/19,1,High
6.01,06.01,2.57,4.24,32,101,D1:3,5/29/19,1,Low
6.07,06.07,2.38,3.94,32,101,D1:3,5/29/19,1,Low
6.12,06.12,6.17,4.11,32,101,D1:3,5/29/19,1,High
6.15,06.15,5.8,4.09,32,101,D1:3,5/29/19,1,High
7.04,07.04,1.97,4.13,33,202,B1:5,3-Jun-19,1,Low
7.06,07.06,3.78,4.19,33,202,B1:5,3-Jun-19,1,High
7.07,07.07,2.4,NA,33,202,B1:5,3-Jun-19,1,Low
7.10,07.10,6.32,4.31,33,202,B1:5,3-Jun-19,1,High
8.12,08.12,0.6,4.56,13,165,B3:3,6/4/19,1,Low
8.15,08.15,8,4.52,13,165,B3:3,6/4/19,1,High
8.17,08.17,0.57,4.19,13,165,B3:3,6/4/19,1,Low
8.21,08.21,7.48,4.42,13,165,B3:3,6/4/19,1,High
9.01,09.01,2.93,4.28,26,142,D3:1,6/7/19,1,Low
9.04,09.04,8.52,3.92,26,142,D3:1,6/7/19,1,High
9.09,09.09,8.33,NA,26,142,D3:1,6/7/19,1,High
9.14,09.14,2.13,4.55,26,142,D3:1,6/7/19,1,Low
10.06,10.06,2,4.13,55,129,D2:4,6/7/19,1,Low
10.08,10.08,6.07,4.34,55,129,D2:4,6/7/19,1,High
10.12,10.12,6.22,NA,55,129,D2:4,6/7/19,1,High
10.15,10.15,1.92,4.25,55,129,D2:4,6/7/19,1,Low
11.1,11.10,6.5,4.27,9,2,A3:5,6/10/19,1,High
11.16,11.16,0.9,4.33,9,2,A3:5,6/10/19,1,Low
11.19,11.19,1.28,4.33,9,2,A3:5,6/10/19,1,Low
11.27,11.27,6.57,4.37,9,2,A3:5,6/10/19,1,High
12.18,12.18,0.42,4.25,114,38,B2:3,6/11/19,1,Low
12.19,12.19,1,4.27,114,38,B2:3,6/11/19,1,Low
12.22,12.22,9.22,4.01,114,38,B2:3,6/11/19,1,High
12.24,12.24,8.68,4.19,114,38,B2:3,6/11/19,1,High
13.08,13.08,0.27,4.11,22,103,B3:1,6/12/19,1,Low
13.18,13.18,0.3,4.23,22,103,B3:1,6/12/19,1,Low
13.25,13.25,5.65,4.11,22,103,B3:1,6/12/19,1,High
13.29,13.29,5.5,4.05,22,103,B3:1,6/12/19,1,High
14.09,14.09,6.75,4.21,78,95,D3:5,6/13/19,1,High
14.23,14.23,0.58,4.41,78,95,D3:5,6/13/19,1,Low
14.26,14.26,7.17,4.02,78,95,D3:5,6/13/19,1,High
14.29,14.29,0.5,NA,78,95,D3:5,6/13/19,1,Low
15.02,15.02,2.25,4.35,10,156,B2:5,6/17/19,1,Low
15.17,15.17,0.88,4.36,10,156,B2:5,6/17/19,1,Low
15.21,15.21,7.67,4.27,10,156,B2:5,6/17/19,1,High
15.22,15.22,8.68,4.46,10,156,B2:5,6/17/19,1,High
16.11,16.11,8.13,4.4,125,144,C1:4,6/19/19,1,High
16.14,16.14,0.98,4.44,125,144,C1:4,6/19/19,1,Low
16.15,16.15,1.47,4.38,125,144,C1:4,6/19/19,1,Low
16.25,16.25,7.37,4.44,125,144,C1:4,6/19/19,1,High
17.09,17.09,1.95,4.1,17,80,C1:2,6/21/19,1,Low
17.1,17.10,2.17,4.3,17,80,C1:2,6/21/19,1,Low
17.18,17.18,6.97,4.19,17,80,C1:2,6/21/19,1,High
17.2,17.20,6.88,4.25,17,80,C1:2,6/21/19,1,High
18.15,18.15,1.03,4.09,59,115,B3:4,6/26/19,1,Low
18.2,18.20,6.52,4.26,59,115,B3:4,6/26/19,1,High
18.27,18.27,6.5,4.25,59,115,B3:4,6/26/19,1,High
18.28,18.28,1.38,3.98,59,115,B3:4,6/26/19,1,Low
19.15,19.15,0.62,4.25,85,173,C2:2,6/27/19,1,Low
19.16,19.16,7.33,4.23,85,173,C2:2,6/27/19,1,High
19.17,19.17,1.2,4.35,85,173,C2:2,6/27/19,1,Low
19.21,19.21,7.33,4.28,85,173,C2:2,6/27/19,1,High
20.22,20.22,0.73,4.04,70,98,A3:1,6/28/19,1,Low
20.28,20.28,0.73,4.3,70,98,A3:1,6/28/19,1,Low
20.29,20.29,8.82,4.25,70,98,A3:1,6/28/19,1,High
20.3,20.30,7.32,4.54,70,98,A3:1,6/28/19,1,High
21.01,21.01,5.07,3.94,269,94,D1:2,7/1/19,1,High
21.08,21.08,0.4,NA,269,94,D1:2,7/1/19,1,Low
21.23,21.23,0.42,4.13,269,94,D1:2,7/1/19,1,Low
21.25,21.25,5.23,4.12,269,94,D1:2,7/1/19,1,High
22.01,22.01,2.08,4.31,19,175,A1:4,7/2/19,1,Low
22.09,22.09,2.15,4.09,19,175,A1:4,7/2/19,1,Low
22.12,22.12,6.7,4.3,19,175,A1:4,7/2/19,1,High
22.15,22.15,6.33,4.29,19,175,A1:4,7/2/19,1,High
23.04,23.04,0.13,4.37,74,116,C1:3,7/3/19,1,Low
23.08,23.08,5.97,4.34,74,116,C1:3,7/3/19,1,High
23.23,23.23,5.47,4.27,74,116,C1:3,7/3/19,1,High
23.26,23.26,0.18,4.23,74,116,C1:3,7/3/19,1,Low
24.02,24.02,6,4.25,58,296,D3:3,7/11/19,1,High
24.06,24.06,7.25,4.16,58,296,D3:3,7/11/19,1,High
24.09,24.09,1.05,4.24,58,296,D3:3,7/11/19,1,Low
24.14,24.14,1.03,4.3,58,296,D3:3,7/11/19,1,Low
25.09,25.09,5.63,4.09,18,111,B1:1,7/13/19,1,High
25.13,25.13,5.97,4.27,18,111,B1:1,7/13/19,1,High
25.16,25.16,2.22,4.24,18,111,B1:1,7/13/19,1,Low
25.17,25.17,1.8,4.36,18,111,B1:1,7/13/19,1,Low
26.02,26.02,6.3,4.27,66,96,A1:3,7/15/19,1,High
26.03,26.03,2.62,4.11,66,96,A1:3,7/15/19,1,Low
26.04,26.04,4.88,4.25,66,96,A1:3,7/15/19,1,High
26.05,26.05,0.82,4.46,66,96,A1:3,7/15/19,1,Low
27.07,27.07,6.78,4.33,47,102,A3:3,7/15/19,1,High
27.08,27.08,3.62,NA,47,102,A3:3,7/15/19,1,Low
27.12,27.12,8,4.38,47,102,A3:3,7/15/19,1,High
27.13,27.13,2.98,4.02,47,102,A3:3,7/15/19,1,Low
28.17,28.17,0.3,4.43,130,152,D3:2,7/16/19,1,Low
28.23,28.23,6.97,4.35,130,152,D3:2,7/16/19,1,High
28.27,28.27,7.03,4.39,130,152,D3:2,7/16/19,1,High
28.28,28.28,0.22,4.27,130,152,D3:2,7/16/19,1,Low
29.01,29.01,7.12,4.22,31,79,C1:1,7/17/19,1,High
29.07,29.07,1.17,4.35,31,79,C1:1,7/17/19,1,Low
29.14,29.14,0.55,4.28,31,79,C1:1,7/17/19,1,Low
29.29,29.29,7.35,4.26,31,79,C1:1,7/17/19,1,High
30.07,30.07,8.33,4.36,57,62,B3:2,7/18/19,1,High
30.1,30.10,7.4,4.26,57,62,B3:2,7/18/19,1,High
30.12,30.12,1.75,4.35,57,62,B3:2,7/18/19,1,Low
30.21,30.21,0.9,4.28,57,62,B3:2,7/18/19,1,Low
31.07,31.07,0.13,4.24,6,108,A2:1,7/26/19,1,Low
31.1,31.10,5.68,4.36,6,108,A2:1,7/26/19,1,High
31.21,31.21,5.53,4.29,6,108,A2:1,7/26/19,1,High
31.24,31.24,0.2,4.26,6,108,A2:1,7/26/19,1,Low
32.03,32.03,6.63,4.3,5,137,A1:5,7/29/19,1,High
32.15,32.15,6.17,4.23,5,137,A1:5,7/29/19,1,High
32.24,32.24,0.72,4.52,5,137,A1:5,7/29/19,1,Low
32.26,32.26,0.47,4.14,5,137,A1:5,7/29/19,1,Low
33.02,33.02,0.52,4.06,36,118,C2:1,7/30/19,1,Low
33.05,33.05,9.02,4.36,36,118,C2:1,7/30/19,1,High
33.08,33.08,0.75,4.05,36,118,C2:1,7/30/19,1,Low
33.13,33.13,9.45,4.27,36,118,C2:1,7/30/19,1,High
34.05,34.05,6.55,4.08,30,171,A3:5,8/1/19,1,High
34.06,34.06,6.78,4.39,30,171,A3:5,8/1/19,1,High
34.13,34.13,0.98,4.19,30,171,A3:5,8/1/19,1,Low
34.14,34.14,1.13,NA,30,171,A3:5,8/1/19,1,Low
35.02,35.02,6.78,4.32,13,103,B3:3,8/2/19,1,High
35.07,35.07,5.72,4.14,13,103,B3:3,8/2/19,1,High
35.11,35.11,0.27,4.37,13,103,B3:3,8/2/19,1,Low
35.14,35.14,0.23,4.08,13,103,B3:3,8/2/19,1,Low
36.01,36.01,2.53,4.31,61,2,A1:2,8/7/19,1,Low
36.04,36.04,0.38,4.28,61,2,A1:2,8/7/19,1,Low
36.06,36.06,6.57,NA,61,2,A1:2,8/7/19,1,High
36.12,36.12,6.22,4.24,61,2,A1:2,8/7/19,1,High
37.1,37.10,1.8,4.18,30,171,A3:5,8/14/19,1,Low
37.12,37.12,6.53,4.44,30,171,A3:5,8/14/19,1,High
37.15,37.15,7.25,4.42,30,171,A3:5,8/14/19,1,High
37.18,37.18,2.25,4.36,30,171,A3:5,8/14/19,1,Low
38.02,38.02,0.38,4.18,14,174,A3:4,8/15/19,1,Low
38.12,38.12,0.32,4.33,14,174,A3:4,8/15/19,1,Low
38.14,38.14,8.42,4.02,14,174,A3:4,8/15/19,1,High
38.28,38.28,6.88,4.33,14,174,A3:4,8/15/19,1,High
39.03,39.03,2.03,4.46,66,96,A1:3,8/16/19,1,Low
39.12,39.12,0.57,4.32,66,96,A1:3,8/16/19,1,Low
39.14,39.14,6.68,4.17,66,96,A1:3,8/16/19,1,High
39.15,39.15,6.77,4.37,66,96,A1:3,8/16/19,1,High
40.06,40.06,0.37,4.48,13,103,B3:3,8/16/19,1,Low
40.09,40.09,2.93,NA,13,103,B3:3,8/16/19,1,Low
40.11,40.11,6.77,4.36,13,103,B3:3,8/16/19,1,High
40.15,40.15,7.43,4.28,13,103,B3:3,8/16/19,1,High
41.02,41.02,0.23,4.15,9,97,A2:4,8/18/19,1,Low
41.09,41.09,0.52,4.11,9,97,A2:4,8/18/19,1,Low
41.1,41.10,7.15,4.23,9,97,A2:4,8/18/19,1,High
41.28,41.28,7.3,4.15,9,97,A2:4,8/18/19,1,High
42.01,42.01,0.23,4.06,29,122,C3:2,8/19/19,1,Low
42.06,42.06,0.62,4.19,29,122,C3:2,8/19/19,1,Low
42.11,42.11,7.45,4.33,29,122,C3:2,8/19/19,1,High
42.15,42.15,6.6,4.19,29,122,C3:2,8/19/19,1,High
43.05,43.05,6.37,4.46,61,2,A1:2,8/21/19,1,High
43.11,43.11,2.7,NA,61,2,A1:2,8/21/19,1,Low
43.14,43.14,2.68,4.18,61,2,A1:2,8/21/19,1,Low
43.15,43.15,6.37,4.16,61,2,A1:2,8/21/19,1,High
44.01,44.01,2.33,NA,55,129,D2:5,9/11/19,1,Low
44.07,44.07,7.17,4.09,55,129,D2:5,9/11/19,1,High
44.12,44.12,6.6,4.11,55,129,D2:5,9/11/19,1,High
44.13,44.13,2.28,4.04,55,129,D2:5,9/11/19,1,Low
5.01,5.01,6.6,NA,119,162,C2:4,5/28/19,NA,
5.02,5.02,5.28,NA,119,162,C2:4,5/28/19,NA,
5.03,5.03,6.95,4.26,119,162,C2:4,5/28/19,NA,
5.04,5.04,2.35,4.17,119,162,C2:4,5/28/19,NA,
5.05,5.05,5.4,4.29,119,162,C2:4,5/28/19,NA,
5.07,5.07,7.6,4.13,119,162,C2:4,5/28/19,NA,
5.09,5.09,6.87,4.34,119,162,C2:4,5/28/19,NA,
5.1,5.1,6.43,NA,119,162,C2:4,5/28/19,NA,
5.11,5.11,10.32,4.35,119,162,C2:4,5/28/19,NA,
5.12,5.12,3.7,4.3,119,162,C2:4,5/28/19,NA,
5.13,5.13,7.02,4.39,119,162,C2:4,5/28/19,NA,
5.14,5.14,4.25,4.43,119,162,C2:4,5/28/19,NA,
5.16,5.16,7.3,4.37,119,162,C2:4,5/28/19,NA,
5.17,5.17,6.67,4.43,119,162,C2:4,5/28/19,NA,
5.18,5.18,6.62,4.37,119,162,C2:4,5/28/19,NA,
5.19,5.19,3.27,4.26,119,162,C2:4,5/28/19,NA,
5.2,5.2,4.83,4.45,119,162,C2:4,5/28/19,NA,
5.21,5.21,2.28,4.41,119,162,C2:4,5/28/19,NA,
5.22,5.22,4.85,4.25,119,162,C2:4,5/28/19,NA,
5.24,5.24,7.18,4.3,119,162,C2:4,5/28/19,NA,
5.25,5.25,6.42,4.33,119,162,C2:4,5/28/19,NA,
5.26,5.26,5.33,4.39,119,162,C2:4,5/28/19,NA,
5.27,5.27,6,4.14,119,162,C2:4,5/28/19,NA,
5.28,5.28,0.78,4.42,119,162,C2:4,5/28/19,NA,
5.29,5.29,6.47,4.24,119,162,C2:4,5/28/19,NA,
5.3,5.3,4.43,4.28,119,162,C2:4,5/28/19,NA,
6.02,6.02,4.83,4,32,101,D1:3,5/29/19,NA,
6.03,6.03,4.8,4.24,32,101,D1:3,5/29/19,NA,
6.04,6.04,2.38,4.06,32,101,D1:3,5/29/19,NA,
6.05,6.05,4.47,4.05,32,101,D1:3,5/29/19,NA,
6.06,6.06,3.97,4.09,32,101,D1:3,5/29/19,NA,
6.08,6.08,3.38,4.34,32,101,D1:3,5/29/19,NA,
6.09,6.09,3.27,4.18,32,101,D1:3,5/29/19,NA,
6.1,6.1,3.83,4.04,32,101,D1:3,5/29/19,NA,
6.11,6.11,6.37,4.07,32,101,D1:3,5/29/19,NA,
6.13,6.13,5.5,4.04,32,101,D1:3,5/29/19,NA,
6.14,6.14,3.4,4.33,32,101,D1:3,5/29/19,NA,
6.16,6.16,5.27,3.93,32,101,D1:3,5/29/19,NA,
8.01,8.01,3.58,4.43,13,165,B3:3,6/4/19,NA,
8.02,8.02,3.23,4.35,13,165,B3:3,6/4/19,NA,
8.03,8.03,4.22,4.34,13,165,B3:3,6/4/19,NA,
8.04,8.04,0.52,4.46,13,165,B3:3,6/4/19,NA,
8.05,8.05,6.32,4.17,13,165,B3:3,6/4/19,NA,
8.06,8.06,6.17,4.31,13,165,B3:3,6/4/19,NA,
8.07,8.07,6.73,4.34,13,165,B3:3,6/4/19,NA,
8.08,8.08,2.72,4.36,13,165,B3:3,6/4/19,NA,
8.09,8.09,4.9,4.35,13,165,B3:3,6/4/19,NA,
8.1,8.1,6.08,4.42,13,165,B3:3,6/4/19,NA,
8.11,8.11,2.78,4.43,13,165,B3:3,6/4/19,NA,
8.13,8.13,6.28,4.42,13,165,B3:3,6/4/19,NA,
8.14,8.14,5.33,4.51,13,165,B3:3,6/4/19,NA,
8.16,8.16,6.2,4.58,13,165,B3:3,6/4/19,NA,
8.18,8.18,7.3,4.25,13,165,B3:3,6/4/19,NA,
8.19,8.19,1.33,NA,13,165,B3:3,6/4/19,NA,
8.2,8.2,6.57,NA,13,165,B3:3,6/4/19,NA,
8.22,8.22,3.72,4.5,13,165,B3:3,6/4/19,NA,
8.23,8.23,8.33,4.11,13,165,B3:3,6/4/19,NA,
8.24,8.24,1.43,4.48,13,165,B3:3,6/4/19,NA,
8.25,8.25,4.37,4.4,13,165,B3:3,6/4/19,NA,
8.26,8.26,6.28,4.17,13,165,B3:3,6/4/19,NA,
8.27,8.27,6.6,4.61,13,165,B3:3,6/4/19,NA,
8.28,8.28,6.33,4.45,13,165,B3:3,6/4/19,NA,
8.29,8.29,6.75,4.35,13,165,B3:3,6/4/19,NA,
8.3,8.3,5.33,4.45,13,165,B3:3,6/4/19,NA,
9.02,9.02,6.65,4.15,26,142,D3:1,6/7/19,NA,
9.03,9.03,6.47,4.3,26,142,D3:1,6/7/19,NA,
9.05,9.05,7.47,3.99,26,142,D3:1,6/7/19,NA,
9.06,9.06,5.82,4.32,26,142,D3:1,6/7/19,NA,
9.07,9.07,6.22,NA,26,142,D3:1,6/7/19,NA,
9.08,9.08,6.6,NA,26,142,D3:1,6/7/19,NA,
9.1,9.1,6.4,NA,26,142,D3:1,6/7/19,NA,
9.11,9.11,1.82,NA,26,142,D3:1,6/7/19,NA,
9.12,9.12,5.77,4.52,26,142,D3:1,6/7/19,NA,
9.13,9.13,6,NA,26,142,D3:1,6/7/19,NA,
9.15,9.15,5.68,4.3,26,142,D3:1,6/7/19,NA,
9.16,9.16,9.52,4.42,26,142,D3:1,6/7/19,NA,
9.17,9.17,7.33,4.21,26,142,D3:1,6/7/19,NA,
9.18,9.18,7.1,4.46,26,142,D3:1,6/7/19,NA,
9.19,9.19,6.67,4.48,26,142,D3:1,6/7/19,NA,
9.2,9.2,6.25,4.36,26,142,D3:1,6/7/19,NA,
10.01,10.01,3.12,4.33,55,129,D2:4,6/7/19,NA,
10.02,10.02,3.77,4.24,55,129,D2:4,6/7/19,NA,
10.03,10.03,3.42,4.22,55,129,D2:4,6/7/19,NA,
10.04,10.04,5.73,4.17,55,129,D2:4,6/7/19,NA,
10.05,10.05,5.48,NA,55,129,D2:4,6/7/19,NA,
10.07,10.07,5.38,4.09,55,129,D2:4,6/7/19,NA,
10.09,10.09,1.33,NA,55,129,D2:4,6/7/19,NA,
10.1,10.1,2.82,3.86,55,129,D2:4,6/7/19,NA,
10.11,10.11,4.78,4.09,55,129,D2:4,6/7/19,NA,
10.13,10.13,6.7,4.14,55,129,D2:4,6/7/19,NA,
10.14,10.14,2.07,NA,55,129,D2:4,6/7/19,NA,
11.01,11.01,4.82,NA,9,2,A3:5,6/10/19,NA,
11.02,11.02,6.35,4.46,9,2,A3:5,6/10/19,NA,
11.03,11.03,4.33,4.27,9,2,A3:5,6/10/19,NA,
11.04,11.04,5.37,4.27,9,2,A3:5,6/10/19,NA,
11.05,11.05,4.37,4.31,9,2,A3:5,6/10/19,NA,
11.06,11.06,5.45,NA,9,2,A3:5,6/10/19,NA,
11.07,11.07,4.23,4.57,9,2,A3:5,6/10/19,NA,
11.08,11.08,1.37,NA,9,2,A3:5,6/10/19,NA,
11.09,11.09,6.35,NA,9,2,A3:5,6/10/19,NA,
11.11,11.11,3.58,4.37,9,2,A3:5,6/10/19,NA,
11.12,11.12,4.67,4.34,9,2,A3:5,6/10/19,NA,
11.13,11.13,2.13,4.41,9,2,A3:5,6/10/19,NA,
11.14,11.14,2.47,4.34,9,2,A3:5,6/10/19,NA,
11.15,11.15,4.33,4.2,9,2,A3:5,6/10/19,NA,
11.17,11.17,3.67,4.33,9,2,A3:5,6/10/19,NA,
11.18,11.18,2.87,4.57,9,2,A3:5,6/10/19,NA,
11.2,11.2,10.33,4.32,9,2,A3:5,6/10/19,NA,
11.21,11.21,5.8,4.44,9,2,A3:5,6/10/19,NA,
11.22,11.22,4.45,NA,9,2,A3:5,6/10/19,NA,
11.23,11.23,4.43,4.35,9,2,A3:5,6/10/19,NA,
11.24,11.24,2,4.39,9,2,A3:5,6/10/19,NA,
11.25,11.25,6.12,4.32,9,2,A3:5,6/10/19,NA,
11.26,11.26,6.27,4.56,9,2,A3:5,6/10/19,NA,
11.28,11.28,2.67,4.44,9,2,A3:5,6/10/19,NA,
11.29,11.29,0.42,4.4,9,2,A3:5,6/10/19,NA,
11.3,11.3,3.45,4.31,9,2,A3:5,6/10/19,NA,
12.01,12.01,6,4.25,114,38,B2:3,6/11/19,NA,
12.02,12.02,6.33,NA,114,38,B2:3,6/11/19,NA,
12.03,12.03,1.93,4.54,114,38,B2:3,6/11/19,NA,
12.04,12.04,5.97,4.29,114,38,B2:3,6/11/19,NA,
12.05,12.05,6.48,4.38,114,38,B2:3,6/11/19,NA,
12.06,12.06,0.33,4.25,114,38,B2:3,6/11/19,NA,
12.07,12.07,2.97,4.26,114,38,B2:3,6/11/19,NA,
12.08,12.08,9.48,4.28,114,38,B2:3,6/11/19,NA,
12.09,12.09,5.37,4.11,114,38,B2:3,6/11/19,NA,
12.1,12.1,6.88,4.39,114,38,B2:3,6/11/19,NA,
12.11,12.11,4.3,NA,114,38,B2:3,6/11/19,NA,
12.12,12.12,3.85,4.35,114,38,B2:3,6/11/19,NA,
12.13,12.13,1.57,4.49,114,38,B2:3,6/11/19,NA,
12.14,12.14,4.6,4.34,114,38,B2:3,6/11/19,NA,
12.15,12.15,3.83,4.16,114,38,B2:3,6/11/19,NA,
12.16,12.16,7.7,4.12,114,38,B2:3,6/11/19,NA,
12.17,12.17,2.92,4.23,114,38,B2:3,6/11/19,NA,
12.2,12.2,5.02,4.13,114,38,B2:3,6/11/19,NA,
12.21,12.21,2.23,4.35,114,38,B2:3,6/11/19,NA,
12.23,12.23,2.35,4.3,114,38,B2:3,6/11/19,NA,
12.25,12.25,2.55,4.15,114,38,B2:3,6/11/19,NA,
12.26,12.26,4.78,4.28,114,38,B2:3,6/11/19,NA,
12.27,12.27,7.2,4.19,114,38,B2:3,6/11/19,NA,
12.28,12.28,4.32,4.26,114,38,B2:3,6/11/19,NA,
12.29,12.29,8,4.26,114,38,B2:3,6/11/19,NA,
12.3,12.3,7.85,4.35,114,38,B2:3,6/11/19,NA,
13.01,13.01,2.65,4.21,22,103,B3:1,6/12/19,NA,
13.02,13.02,2,4.26,22,103,B3:1,6/12/19,NA,
13.03,13.03,2.23,4.28,22,103,B3:1,6/12/19,NA,
13.04,13.04,1.63,4.24,22,103,B3:1,6/12/19,NA,
13.05,13.05,0.55,4.26,22,103,B3:1,6/12/19,NA,
13.06,13.06,0.22,4.1,22,103,B3:1,6/12/19,NA,
13.07,13.07,4.1,4.21,22,103,B3:1,6/12/19,NA,
13.09,13.09,2.6,4.22,22,103,B3:1,6/12/19,NA,
13.1,13.1,1.5,4.07,22,103,B3:1,6/12/19,NA,
13.11,13.11,6.25,4.1,22,103,B3:1,6/12/19,NA,
13.12,13.12,1.02,4.42,22,103,B3:1,6/12/19,NA,
13.13,13.13,3.22,4.07,22,103,B3:1,6/12/19,NA,
13.14,13.14,2.17,4.32,22,103,B3:1,6/12/19,NA,
13.15,13.15,1.87,4.17,22,103,B3:1,6/12/19,NA,
13.16,13.16,2.17,4.18,22,103,B3:1,6/12/19,NA,
13.17,13.17,2.1,4.3,22,103,B3:1,6/12/19,NA,
13.19,13.19,3.23,NA,22,103,B3:1,6/12/19,NA,
13.2,13.2,0.98,4.19,22,103,B3:1,6/12/19,NA,
13.21,13.21,2.12,4.27,22,103,B3:1,6/12/19,NA,
13.22,13.22,3.75,4.18,22,103,B3:1,6/12/19,NA,
13.23,13.23,2.1,4.1,22,103,B3:1,6/12/19,NA,
13.24,13.24,1.87,3.99,22,103,B3:1,6/12/19,NA,
13.26,13.26,1.8,4.31,22,103,B3:1,6/12/19,NA,
13.27,13.27,2.17,NA,22,103,B3:1,6/12/19,NA,
13.28,13.28,0.47,4.09,22,103,B3:1,6/12/19,NA,
13.3,13.3,3.85,4.18,22,103,B3:1,6/12/19,NA,
14.01,14.01,3.48,4.03,78,95,D3:5,6/13/19,NA,
14.02,14.02,2.68,4.41,78,95,D3:5,6/13/19,NA,
14.03,14.03,4.67,NA,78,95,D3:5,6/13/19,NA,
14.04,14.04,4.25,4.24,78,95,D3:5,6/13/19,NA,
14.05,14.05,7.45,4.26,78,95,D3:5,6/13/19,NA,
14.06,14.06,4.53,4.11,78,95,D3:5,6/13/19,NA,
14.07,14.07,2.43,NA,78,95,D3:5,6/13/19,NA,
14.08,14.08,5.92,4.13,78,95,D3:5,6/13/19,NA,
14.1,14.1,6.33,4.33,78,95,D3:5,6/13/19,NA,
14.11,14.11,2.83,4.35,78,95,D3:5,6/13/19,NA,
14.12,14.12,5.7,4.3,78,95,D3:5,6/13/19,NA,
14.13,14.13,5.85,4.38,78,95,D3:5,6/13/19,NA,
14.14,14.14,0.07,4.38,78,95,D3:5,6/13/19,NA,
14.15,14.15,4.73,4.23,78,95,D3:5,6/13/19,NA,
14.16,14.16,5.73,4.34,78,95,D3:5,6/13/19,NA,
14.17,14.17,2.15,4.21,78,95,D3:5,6/13/19,NA,
14.18,14.18,6.33,NA,78,95,D3:5,6/13/19,NA,
14.19,14.19,0.93,4.27,78,95,D3:5,6/13/19,NA,
14.2,14.2,4.65,4.2,78,95,D3:5,6/13/19,NA,
14.21,14.21,4.95,4.39,78,95,D3:5,6/13/19,NA,
14.22,14.22,3.43,4.26,78,95,D3:5,6/13/19,NA,
14.24,14.24,0.7,4.27,78,95,D3:5,6/13/19,NA,
14.25,14.25,6.37,4.15,78,95,D3:5,6/13/19,NA,
14.27,14.27,3.42,4.23,78,95,D3:5,6/13/19,NA,
14.28,14.28,5.53,4.29,78,95,D3:5,6/13/19,NA,
14.3,14.3,6.6,NA,78,95,D3:5,6/13/19,NA,
15.01,15.01,6.35,4.11,10,156,B2:5,6/17/19,NA,
15.03,15.03,5.2,4.43,10,156,B2:5,6/17/19,NA,
15.04,15.04,6.13,4.36,10,156,B2:5,6/17/19,NA,
15.05,15.05,6.22,4.3,10,156,B2:5,6/17/19,NA,
15.06,15.06,5.35,4.46,10,156,B2:5,6/17/19,NA,
15.07,15.07,2.58,4.27,10,156,B2:5,6/17/19,NA,
15.08,15.08,6.12,4.34,10,156,B2:5,6/17/19,NA,
15.09,15.09,4.5,NA,10,156,B2:5,6/17/19,NA,
15.1,15.1,2.95,4.31,10,156,B2:5,6/17/19,NA,
15.11,15.11,5.5,4.27,10,156,B2:5,6/17/19,NA,
15.12,15.12,5.77,4.31,10,156,B2:5,6/17/19,NA,
15.13,15.13,3.28,4.05,10,156,B2:5,6/17/19,NA,
15.14,15.14,0.12,4.36,10,156,B2:5,6/17/19,NA,
15.15,15.15,3.77,4.39,10,156,B2:5,6/17/19,NA,
15.16,15.16,6.08,4.41,10,156,B2:5,6/17/19,NA,
15.18,15.18,3.55,4.37,10,156,B2:5,6/17/19,NA,
15.19,15.19,5.75,4.22,10,156,B2:5,6/17/19,NA,
15.2,15.2,4.82,4.28,10,156,B2:5,6/17/19,NA,
15.23,15.23,4.33,4.41,10,156,B2:5,6/17/19,NA,
15.24,15.24,6.77,4.53,10,156,B2:5,6/17/19,NA,
15.25,15.25,4.92,4.3,10,156,B2:5,6/17/19,NA,
15.26,15.26,7.53,NA,10,156,B2:5,6/17/19,NA,
15.27,15.27,9.67,4.39,10,156,B2:5,6/17/19,NA,
15.28,15.28,4,4.44,10,156,B2:5,6/17/19,NA,
15.29,15.29,4,4.36,10,156,B2:5,6/17/19,NA,
15.3,15.3,7.32,4.31,10,156,B2:5,6/17/19,NA,
16.01,16.01,4.5,4.1,125,144,C1:4,6/19/19,NA,
16.02,16.02,3.23,4.21,125,144,C1:4,6/19/19,NA,
16.03,16.03,5.97,4.4,125,144,C1:4,6/19/19,NA,
16.04,16.04,5.02,4.28,125,144,C1:4,6/19/19,NA,
16.05,16.05,5.92,4.26,125,144,C1:4,6/19/19,NA,
16.06,16.06,4.17,4.34,125,144,C1:4,6/19/19,NA,
16.07,16.07,5,4.32,125,144,C1:4,6/19/19,NA,
16.08,16.08,6.45,4.44,125,144,C1:4,6/19/19,NA,
16.09,16.09,6.22,4.4,125,144,C1:4,6/19/19,NA,
16.1,16.1,6.9,4.25,125,144,C1:4,6/19/19,NA,
16.12,16.12,5.4,4.12,125,144,C1:4,6/19/19,NA,
16.13,16.13,6.37,4.39,125,144,C1:4,6/19/19,NA,
16.16,16.16,6.2,4.38,125,144,C1:4,6/19/19,NA,
16.17,16.17,6.32,4.32,125,144,C1:4,6/19/19,NA,
16.18,16.18,2.03,NA,125,144,C1:4,6/19/19,NA,
16.19,16.19,5.27,4.19,125,144,C1:4,6/19/19,NA,
16.2,16.2,5.57,4.2,125,144,C1:4,6/19/19,NA,
16.21,16.21,4.93,4.15,125,144,C1:4,6/19/19,NA,
16.22,16.22,5.25,4.43,125,144,C1:4,6/19/19,NA,
16.23,16.23,6.33,4.32,125,144,C1:4,6/19/19,NA,
16.24,16.24,2.8,4.49,125,144,C1:4,6/19/19,NA,
16.26,16.26,5.15,4.43,125,144,C1:4,6/19/19,NA,
16.27,16.27,4.28,4.25,125,144,C1:4,6/19/19,NA,
16.28,16.28,8.53,4.24,125,144,C1:4,6/19/19,NA,
16.29,16.29,4.3,4.2,125,144,C1:4,6/19/19,NA,
17.01,17.01,4.42,4.16,17,80,C1:2,6/21/19,NA,
17.02,17.02,5.97,4.5,17,80,C1:2,6/21/19,NA,
17.03,17.03,2.5,4.19,17,80,C1:2,6/21/19,NA,
17.04,17.04,6.27,4.09,17,80,C1:2,6/21/19,NA,
17.05,17.05,4.98,NA,17,80,C1:2,6/21/19,NA,
17.06,17.06,5.68,4.24,17,80,C1:2,6/21/19,NA,
17.07,17.07,2.72,4,17,80,C1:2,6/21/19,NA,
17.08,17.08,2.27,4.41,17,80,C1:2,6/21/19,NA,
17.11,17.11,5.1,4.37,17,80,C1:2,6/21/19,NA,
17.12,17.12,3.67,4.22,17,80,C1:2,6/21/19,NA,
17.13,17.13,6.22,4.04,17,80,C1:2,6/21/19,NA,
17.14,17.14,5.52,4.21,17,80,C1:2,6/21/19,NA,
17.15,17.15,6.37,NA,17,80,C1:2,6/21/19,NA,
17.16,17.16,2.17,4.1,17,80,C1:2,6/21/19,NA,
17.17,17.17,3.97,4.17,17,80,C1:2,6/21/19,NA,
17.19,17.19,0.5,4.3,17,80,C1:2,6/21/19,NA,
17.21,17.21,3.88,4.19,17,80,C1:2,6/21/19,NA,
17.22,17.22,6.05,4.16,17,80,C1:2,6/21/19,NA,
17.23,17.23,5.45,4.24,17,80,C1:2,6/21/19,NA,
17.24,17.24,4.45,4.17,17,80,C1:2,6/21/19,NA,
17.25,17.25,4.47,4.08,17,80,C1:2,6/21/19,NA,
17.26,17.26,6.18,4.16,17,80,C1:2,6/21/19,NA,
17.27,17.27,3.48,4.08,17,80,C1:2,6/21/19,NA,
17.28,17.28,8.52,4.27,17,80,C1:2,6/21/19,NA,
17.29,17.29,5.27,4.16,17,80,C1:2,6/21/19,NA,
17.3,17.3,2.47,4.3,17,80,C1:2,6/21/19,NA,
18.01,18.01,2.2,4.17,59,115,B3:4,6/26/19,NA,
18.02,18.02,4.17,4.34,59,115,B3:4,6/26/19,NA,
18.03,18.03,2.33,4,59,115,B3:4,6/26/19,NA,
18.04,18.04,3.87,4.25,59,115,B3:4,6/26/19,NA,
18.05,18.05,0.33,4.33,59,115,B3:4,6/26/19,NA,
18.06,18.06,1.72,4.06,59,115,B3:4,6/26/19,NA,
18.07,18.07,2.72,4.15,59,115,B3:4,6/26/19,NA,
18.08,18.08,2.68,4.12,59,115,B3:4,6/26/19,NA,
18.09,18.09,2.57,4.21,59,115,B3:4,6/26/19,NA,
18.1,18.1,1.97,NA,59,115,B3:4,6/26/19,NA,
18.11,18.11,2.57,4.03,59,115,B3:4,6/26/19,NA,
18.12,18.12,6.2,4.13,59,115,B3:4,6/26/19,NA,
18.13,18.13,6.47,4.05,59,115,B3:4,6/26/19,NA,
18.14,18.14,6.42,4.19,59,115,B3:4,6/26/19,NA,
18.16,18.16,2.13,4.13,59,115,B3:4,6/26/19,NA,
18.17,18.17,2.88,4.27,59,115,B3:4,6/26/19,NA,
18.18,18.18,5,4.01,59,115,B3:4,6/26/19,NA,
18.19,18.19,4.37,4.12,59,115,B3:4,6/26/19,NA,
18.21,18.21,4.5,4.11,59,115,B3:4,6/26/19,NA,
18.22,18.22,5.92,4.28,59,115,B3:4,6/26/19,NA,
18.23,18.23,4.32,3.99,59,115,B3:4,6/26/19,NA,
18.24,18.24,4.08,4.17,59,115,B3:4,6/26/19,NA,
18.25,18.25,1.43,4.3,59,115,B3:4,6/26/19,NA,
18.26,18.26,8.33,4.11,59,115,B3:4,6/26/19,NA,
18.3,18.3,3.9,4.26,59,115,B3:4,6/26/19,NA,
19.01,19.01,4.03,4.4,85,173,C2:2,6/27/19,NA,
19.02,19.02,6.87,4.29,85,173,C2:2,6/27/19,NA,
19.03,19.03,0.55,4.15,85,173,C2:2,6/27/19,NA,
19.04,19.04,4.98,4.32,85,173,C2:2,6/27/19,NA,
19.05,19.05,4.98,4.32,85,173,C2:2,6/27/19,NA,
19.06,19.06,6.65,4.22,85,173,C2:2,6/27/19,NA,
19.07,19.07,3.52,4.21,85,173,C2:2,6/27/19,NA,
19.08,19.08,2,4.51,85,173,C2:2,6/27/19,NA,
19.09,19.09,3.8,4.05,85,173,C2:2,6/27/19,NA,
19.1,19.1,1.32,4.19,85,173,C2:2,6/27/19,NA,
19.11,19.11,1.77,4.49,85,173,C2:2,6/27/19,NA,
19.12,19.12,6.03,4.33,85,173,C2:2,6/27/19,NA,
19.13,19.13,6.82,4.3,85,173,C2:2,6/27/19,NA,
19.14,19.14,5.07,4.41,85,173,C2:2,6/27/19,NA,
19.18,19.18,5.55,4.33,85,173,C2:2,6/27/19,NA,
19.19,19.19,6.05,4.26,85,173,C2:2,6/27/19,NA,
19.2,19.2,4.7,4.17,85,173,C2:2,6/27/19,NA,
19.22,19.22,6.27,4.26,85,173,C2:2,6/27/19,NA,
19.23,19.23,6.12,4.38,85,173,C2:2,6/27/19,NA,
19.24,19.24,2.47,4.34,85,173,C2:2,6/27/19,NA,
19.25,19.25,6.72,4.4,85,173,C2:2,6/27/19,NA,
19.26,19.26,2.85,4.26,85,173,C2:2,6/27/19,NA,
19.27,19.27,7.97,4.29,85,173,C2:2,6/27/19,NA,
19.28,19.28,4.38,4.3,85,173,C2:2,6/27/19,NA,
19.29,19.29,1.65,4.06,85,173,C2:2,6/27/19,NA,
19.3,19.3,6.27,4.16,85,173,C2:2,6/27/19,NA,
20.01,20.01,6.27,4.25,70,98,A3:1,6/28/19,NA,
20.02,20.02,4.1,4.1,70,98,A3:1,6/28/19,NA,
20.03,20.03,4.2,NA,70,98,A3:1,6/28/19,NA,
20.04,20.04,2.55,4.18,70,98,A3:1,6/28/19,NA,
20.05,20.05,2.37,4.34,70,98,A3:1,6/28/19,NA,
20.06,20.06,6.48,4.22,70,98,A3:1,6/28/19,NA,
20.07,20.07,2.62,4.21,70,98,A3:1,6/28/19,NA,
20.08,20.08,2.98,4.07,70,98,A3:1,6/28/19,NA,
20.09,20.09,8.9,NA,70,98,A3:1,6/28/19,NA,
20.1,20.1,3.7,4.2,70,98,A3:1,6/28/19,NA,
20.11,20.11,5.35,4.22,70,98,A3:1,6/28/19,NA,
20.12,20.12,4.4,4.13,70,98,A3:1,6/28/19,NA,
20.13,20.13,4.18,4,70,98,A3:1,6/28/19,NA,
20.14,20.14,7.15,4.24,70,98,A3:1,6/28/19,NA,
20.15,20.15,0.78,4.17,70,98,A3:1,6/28/19,NA,
20.16,20.16,0.93,3.99,70,98,A3:1,6/28/19,NA,
20.17,20.17,2.75,4.14,70,98,A3:1,6/28/19,NA,
20.18,20.18,5.67,4.21,70,98,A3:1,6/28/19,NA,
20.19,20.19,0.28,4.04,70,98,A3:1,6/28/19,NA,
20.2,20.2,4.38,4.31,70,98,A3:1,6/28/19,NA,
20.21,20.21,4.93,4.03,70,98,A3:1,6/28/19,NA,
20.23,20.23,6.23,4.24,70,98,A3:1,6/28/19,NA,
20.24,20.24,4.33,4.23,70,98,A3:1,6/28/19,NA,
20.25,20.25,4.97,4.06,70,98,A3:1,6/28/19,NA,
20.26,20.26,5.1,4.16,70,98,A3:1,6/28/19,NA,
20.27,20.27,5.17,4.12,70,98,A3:1,6/28/19,NA,
21.02,21.02,1.6,3.96,269,94,D1:2,7/1/19,NA,
21.03,21.03,2.18,NA,269,94,D1:2,7/1/19,NA,
21.04,21.04,1.45,4.05,269,94,D1:2,7/1/19,NA,
21.05,21.05,2.98,3.98,269,94,D1:2,7/1/19,NA,
21.06,21.06,3.67,3.94,269,94,D1:2,7/1/19,NA,
21.07,21.07,1.52,4.03,269,94,D1:2,7/1/19,NA,
21.09,21.09,4.12,4.19,269,94,D1:2,7/1/19,NA,
21.1,21.1,0.28,4.01,269,94,D1:2,7/1/19,NA,
21.11,21.11,4.97,4.15,269,94,D1:2,7/1/19,NA,
21.12,21.12,4.52,4.04,269,94,D1:2,7/1/19,NA,
21.13,21.13,3.33,3.91,269,94,D1:2,7/1/19,NA,
21.14,21.14,0.83,4.15,269,94,D1:2,7/1/19,NA,
21.15,21.15,1.27,4.16,269,94,D1:2,7/1/19,NA,
21.16,21.16,1.32,4.18,269,94,D1:2,7/1/19,NA,
21.17,21.17,2.22,4.12,269,94,D1:2,7/1/19,NA,
21.18,21.18,2.13,4.25,269,94,D1:2,7/1/19,NA,
21.19,21.19,0.75,4.11,269,94,D1:2,7/1/19,NA,
21.2,21.2,6.03,3.96,269,94,D1:2,7/1/19,NA,
21.21,21.21,0.68,4.1,269,94,D1:2,7/1/19,NA,
21.22,21.22,1.47,4.11,269,94,D1:2,7/1/19,NA,
21.24,21.24,0.65,4.08,269,94,D1:2,7/1/19,NA,
21.26,21.26,0.52,4.04,269,94,D1:2,7/1/19,NA,
21.27,21.27,0.95,4.12,269,94,D1:2,7/1/19,NA,
21.28,21.28,2.58,4.15,269,94,D1:2,7/1/19,NA,
21.29,21.29,4.05,4.05,269,94,D1:2,7/1/19,NA,
21.3,21.3,4.95,4.12,269,94,D1:2,7/1/19,NA,
22.02,22.02,4.77,4.37,19,175,A1:4,7/2/19,NA,
22.03,22.03,2.53,4.36,19,175,A1:4,7/2/19,NA,
22.04,22.04,4.75,4.53,19,175,A1:4,7/2/19,NA,
22.05,22.05,5.63,4.4,19,175,A1:4,7/2/19,NA,
22.06,22.06,2.35,4.15,19,175,A1:4,7/2/19,NA,
22.07,22.07,0.03,4.13,19,175,A1:4,7/2/19,NA,
22.08,22.08,3.58,4.29,19,175,A1:4,7/2/19,NA,
22.1,22.1,5.82,4.16,19,175,A1:4,7/2/19,NA,
22.11,22.11,4.07,4.06,19,175,A1:4,7/2/19,NA,
22.13,22.13,6.78,4.4,19,175,A1:4,7/2/19,NA,
22.14,22.14,2.25,4.21,19,175,A1:4,7/2/19,NA,
22.16,22.16,2.48,4.09,19,175,A1:4,7/2/19,NA,
23.01,23.01,0.75,4.23,74,116,C1:3,7/3/19,NA,
23.02,23.02,5.15,4.3,74,116,C1:3,7/3/19,NA,
23.03,23.03,2.58,4.45,74,116,C1:3,7/3/19,NA,
23.05,23.05,1.33,3.98,74,116,C1:3,7/3/19,NA,
23.06,23.06,4.7,NA,74,116,C1:3,7/3/19,NA,
23.07,23.07,3.6,3.84,74,116,C1:3,7/3/19,NA,
23.09,23.09,3.48,4.41,74,116,C1:3,7/3/19,NA,
23.1,23.1,2.55,4.12,74,116,C1:3,7/3/19,NA,
23.11,23.11,1.03,4.26,74,116,C1:3,7/3/19,NA,
23.12,23.12,2.32,NA,74,116,C1:3,7/3/19,NA,
23.13,23.13,5,4.09,74,116,C1:3,7/3/19,NA,
23.14,23.14,0.7,4.27,74,116,C1:3,7/3/19,NA,
23.15,23.15,3.78,4.01,74,116,C1:3,7/3/19,NA,
23.16,23.16,0.07,4.23,74,116,C1:3,7/3/19,NA,
23.17,23.17,1.58,4.27,74,116,C1:3,7/3/19,NA,
23.18,23.18,1.32,4.37,74,116,C1:3,7/3/19,NA,
23.19,23.19,4.12,4.24,74,116,C1:3,7/3/19,NA,
23.2,23.2,4.03,4.09,74,116,C1:3,7/3/19,NA,
23.21,23.21,2.45,4.09,74,116,C1:3,7/3/19,NA,
23.22,23.22,1.32,4.11,74,116,C1:3,7/3/19,NA,
23.24,23.24,4.25,4.17,74,116,C1:3,7/3/19,NA,
23.25,23.25,2.27,4.23,74,116,C1:3,7/3/19,NA,
23.27,23.27,1.97,4.21,74,116,C1:3,7/3/19,NA,
23.28,23.28,4.28,4.29,74,116,C1:3,7/3/19,NA,
23.29,23.29,7.93,4.14,74,116,C1:3,7/3/19,NA,
23.3,23.3,0.73,3.93,74,116,C1:3,7/3/19,NA,
24.01,24.01,5.45,4.36,58,296,D3:3,7/11/19,NA,
24.03,24.03,1.82,4.22,58,296,D3:3,7/11/19,NA,
24.04,24.04,4.6,4.34,58,296,D3:3,7/11/19,NA,
24.05,24.05,2.92,4.4,58,296,D3:3,7/11/19,NA,
24.07,24.07,2.47,4.35,58,296,D3:3,7/11/19,NA,
24.08,24.08,7.63,4.15,58,296,D3:3,7/11/19,NA,
24.1,24.1,4.33,4.06,58,296,D3:3,7/11/19,NA,
24.11,24.11,3.42,4.05,58,296,D3:3,7/11/19,NA,
24.12,24.12,0.5,4.2,58,296,D3:3,7/11/19,NA,
24.13,24.13,2,4.22,58,296,D3:3,7/11/19,NA,
24.15,24.15,2.12,4.18,58,296,D3:3,7/11/19,NA,
24.16,24.16,5.12,4.3,58,296,D3:3,7/11/19,NA,
24.17,24.17,2.78,4.22,58,296,D3:3,7/11/19,NA,
24.18,24.18,5.4,4.35,58,296,D3:3,7/11/19,NA,
24.19,24.19,5.4,4.09,58,296,D3:3,7/11/19,NA,
25.01,25.01,2.38,4.42,18,111,B1:1,7/13/19,NA,
25.02,25.02,5.32,4.31,18,111,B1:1,7/13/19,NA,
25.03,25.03,2.98,4.16,18,111,B1:1,7/13/19,NA,
25.04,25.04,2.37,4.3,18,111,B1:1,7/13/19,NA,
25.05,25.05,3.52,4.09,18,111,B1:1,7/13/19,NA,
25.06,25.06,4.25,4.25,18,111,B1:1,7/13/19,NA,
25.07,25.07,4.17,4.26,18,111,B1:1,7/13/19,NA,
25.08,25.08,2.48,4.37,18,111,B1:1,7/13/19,NA,
25.1,25.1,2.78,4.37,18,111,B1:1,7/13/19,NA,
25.11,25.11,6.37,4.39,18,111,B1:1,7/13/19,NA,
25.12,25.12,1.17,4.42,18,111,B1:1,7/13/19,NA,
25.14,25.14,2.32,4.28,18,111,B1:1,7/13/19,NA,
25.15,25.15,5.08,4.26,18,111,B1:1,7/13/19,NA,
25.18,25.18,2.73,4.36,18,111,B1:1,7/13/19,NA,
25.19,25.19,2.45,4.27,18,111,B1:1,7/13/19,NA,
25.2,25.2,2.75,4.47,18,111,B1:1,7/13/19,NA,
26.01,26.01,4.5,4.18,66,96,A1:3,7/15/19,NA,
26.06,26.06,4.42,4.42,66,96,A1:3,7/15/19,NA,
26.07,26.07,2.73,4.21,66,96,A1:3,7/15/19,NA,
26.08,26.08,3.83,4.2,66,96,A1:3,7/15/19,NA,
26.09,26.09,0.17,4.49,66,96,A1:3,7/15/19,NA,
26.1,26.1,6.87,4.29,66,96,A1:3,7/15/19,NA,
26.11,26.11,3.75,NA,66,96,A1:3,7/15/19,NA,
27.01,27.01,6.58,4.12,47,102,A3:3,7/15/19,NA,
27.02,27.02,5.73,4.13,47,102,A3:3,7/15/19,NA,
27.03,27.03,5.17,4.22,47,102,A3:3,7/15/19,NA,
27.04,27.04,5.52,4.44,47,102,A3:3,7/15/19,NA,
27.05,27.05,8.63,4.31,47,102,A3:3,7/15/19,NA,
27.06,27.06,2.08,4.26,47,102,A3:3,7/15/19,NA,
27.09,27.09,4.17,4.22,47,102,A3:3,7/15/19,NA,
27.1,27.1,6.47,4.31,47,102,A3:3,7/15/19,NA,
27.11,27.11,4.73,4.41,47,102,A3:3,7/15/19,NA,
28.01,28.01,5.82,4.17,130,152,D3:2,7/16/19,NA,
28.02,28.02,2.47,4.11,130,152,D3:2,7/16/19,NA,
28.03,28.03,2.7,4.31,130,152,D3:2,7/16/19,NA,
28.04,28.04,0.45,4.22,130,152,D3:2,7/16/19,NA,
28.05,28.05,2.92,4.43,130,152,D3:2,7/16/19,NA,
28.06,28.06,6.2,4.26,130,152,D3:2,7/16/19,NA,
28.07,28.07,4.23,4.34,130,152,D3:2,7/16/19,NA,
28.08,28.08,4.1,4.37,130,152,D3:2,7/16/19,NA,
28.09,28.09,3.32,4.48,130,152,D3:2,7/16/19,NA,
28.1,28.1,0.17,4.36,130,152,D3:2,7/16/19,NA,
28.11,28.11,2.82,4.3,130,152,D3:2,7/16/19,NA,
28.12,28.12,5.73,4.17,130,152,D3:2,7/16/19,NA,
28.13,28.13,1.63,4.43,130,152,D3:2,7/16/19,NA,
28.14,28.14,6.2,4.28,130,152,D3:2,7/16/19,NA,
28.15,28.15,2.57,4.33,130,152,D3:2,7/16/19,NA,
28.16,28.16,5.7,4.26,130,152,D3:2,7/16/19,NA,
28.18,28.18,4.77,4.36,130,152,D3:2,7/16/19,NA,
28.19,28.19,5.75,4.18,130,152,D3:2,7/16/19,NA,
28.2,28.2,3.82,4.44,130,152,D3:2,7/16/19,NA,
28.21,28.21,8,4.05,130,152,D3:2,7/16/19,NA,
28.22,28.22,0.45,4.36,130,152,D3:2,7/16/19,NA,
28.24,28.24,2.82,4.39,130,152,D3:2,7/16/19,NA,
28.25,28.25,3.18,4.2,130,152,D3:2,7/16/19,NA,
28.26,28.26,2.57,4.24,130,152,D3:2,7/16/19,NA,
28.29,28.29,6.23,4.48,130,152,D3:2,7/16/19,NA,
28.3,28.3,0.37,4.27,130,152,D3:2,7/16/19,NA,
29.02,29.02,1.78,4.21,31,79,C1:1,7/17/19,NA,
29.03,29.03,5.07,4.26,31,79,C1:1,7/17/19,NA,
29.04,29.04,4.42,4.17,31,79,C1:1,7/17/19,NA,
29.05,29.05,7.7,4.25,31,79,C1:1,7/17/19,NA,
29.06,29.06,5.85,4.03,31,79,C1:1,7/17/19,NA,
29.08,29.08,6.17,4.12,31,79,C1:1,7/17/19,NA,
29.09,29.09,3.92,4.08,31,79,C1:1,7/17/19,NA,
29.1,29.1,2.43,4.13,31,79,C1:1,7/17/19,NA,
29.11,29.11,2.28,4,31,79,C1:1,7/17/19,NA,
29.12,29.12,4.32,4.17,31,79,C1:1,7/17/19,NA,
29.13,29.13,2.35,4.31,31,79,C1:1,7/17/19,NA,
29.15,29.15,6.45,4.21,31,79,C1:1,7/17/19,NA,
29.16,29.16,4.38,4.35,31,79,C1:1,7/17/19,NA,
29.17,29.17,4.7,4.28,31,79,C1:1,7/17/19,NA,
29.18,29.18,6.43,4.17,31,79,C1:1,7/17/19,NA,
29.19,29.19,6.12,4.19,31,79,C1:1,7/17/19,NA,
29.2,29.2,4.18,3.99,31,79,C1:1,7/17/19,NA,
29.21,29.21,6.93,4.32,31,79,C1:1,7/17/19,NA,
29.22,29.22,1.67,4.07,31,79,C1:1,7/17/19,NA,
29.23,29.23,6.73,4.25,31,79,C1:1,7/17/19,NA,
29.24,29.24,6.85,4.27,31,79,C1:1,7/17/19,NA,
29.25,29.25,6.28,4.14,31,79,C1:1,7/17/19,NA,
29.26,29.26,1.48,3.98,31,79,C1:1,7/17/19,NA,
29.27,29.27,5.27,4.04,31,79,C1:1,7/17/19,NA,
29.28,29.28,4.2,3.93,31,79,C1:1,7/17/19,NA,
29.3,29.3,0.27,4.05,31,79,C1:1,7/17/19,NA,
30.01,30.01,6.17,4.02,57,62,B3:2,7/18/19,NA,
30.02,30.02,4.87,4.23,57,62,B3:2,7/18/19,NA,
30.03,30.03,2.82,4.07,57,62,B3:2,7/18/19,NA,
30.04,30.04,4.92,4.24,57,62,B3:2,7/18/19,NA,
30.05,30.05,3.7,4.14,57,62,B3:2,7/18/19,NA,
30.06,30.06,5.17,4.1,57,62,B3:2,7/18/19,NA,
30.08,30.08,2.65,4.23,57,62,B3:2,7/18/19,NA,
30.09,30.09,3.45,4.23,57,62,B3:2,7/18/19,NA,
30.11,30.11,1.78,4.37,57,62,B3:2,7/18/19,NA,
30.13,30.13,3.2,4.05,57,62,B3:2,7/18/19,NA,
30.14,30.14,2.17,NA,57,62,B3:2,7/18/19,NA,
30.15,30.15,4.48,3.91,57,62,B3:2,7/18/19,NA,
30.16,30.16,4.2,4.25,57,62,B3:2,7/18/19,NA,
30.17,30.17,6.22,4.07,57,62,B3:2,7/18/19,NA,
30.18,30.18,4.23,4.18,57,62,B3:2,7/18/19,NA,
30.19,30.19,0.87,3.91,57,62,B3:2,7/18/19,NA,
30.2,30.2,3.33,4.06,57,62,B3:2,7/18/19,NA,
30.22,30.22,6.25,4.14,57,62,B3:2,7/18/19,NA,
30.23,30.23,4.28,4.14,57,62,B3:2,7/18/19,NA,
30.24,30.24,8.67,4.2,57,62,B3:2,7/18/19,NA,
30.25,30.25,4.73,4.07,57,62,B3:2,7/18/19,NA,
30.26,30.26,2,4.21,57,62,B3:2,7/18/19,NA,
30.27,30.27,6.18,4.17,57,62,B3:2,7/18/19,NA,
30.28,30.28,3.12,4.15,57,62,B3:2,7/18/19,NA,
30.29,30.29,2.98,4.37,57,62,B3:2,7/18/19,NA,
31.01,31.01,1.95,4.17,6,108,A2:1,7/26/19,NA,
31.02,31.02,1.9,4.31,6,108,A2:1,7/26/19,NA,
31.03,31.03,2.37,4.22,6,108,A2:1,7/26/19,NA,
31.04,31.04,1.87,4.27,6,108,A2:1,7/26/19,NA,
31.05,31.05,0.68,4.18,6,108,A2:1,7/26/19,NA,
31.06,31.06,0.22,4.23,6,108,A2:1,7/26/19,NA,
31.08,31.08,0.97,4.18,6,108,A2:1,7/26/19,NA,
31.09,31.09,5.32,4.12,6,108,A2:1,7/26/19,NA,
31.11,31.11,3.97,4.2,6,108,A2:1,7/26/19,NA,
31.12,31.12,2.32,4.12,6,108,A2:1,7/26/19,NA,
31.13,31.13,2.95,4.09,6,108,A2:1,7/26/19,NA,
31.14,31.14,2.25,4.38,6,108,A2:1,7/26/19,NA,
31.15,31.15,5.73,4.21,6,108,A2:1,7/26/19,NA,
31.16,31.16,0.78,4.26,6,108,A2:1,7/26/19,NA,
31.17,31.17,2.1,4.06,6,108,A2:1,7/26/19,NA,
31.18,31.18,5.22,4.15,6,108,A2:1,7/26/19,NA,
31.19,31.19,0.22,4.24,6,108,A2:1,7/26/19,NA,
31.2,31.2,1.97,4.31,6,108,A2:1,7/26/19,NA,
31.22,31.22,1.5,4.04,6,108,A2:1,7/26/19,NA,
31.23,31.23,3.37,4.12,6,108,A2:1,7/26/19,NA,
31.25,31.25,3.42,4.22,6,108,A2:1,7/26/19,NA,
31.26,31.26,3.23,4.16,6,108,A2:1,7/26/19,NA,
31.27,31.27,2.3,4.17,6,108,A2:1,7/26/19,NA,
31.28,31.28,0,4.15,6,108,A2:1,7/26/19,NA,
31.29,31.29,0.37,4.33,6,108,A2:1,7/26/19,NA,
31.3,31.3,3,4.17,6,108,A2:1,7/26/19,NA,
32.01,32.01,5.08,4.39,5,137,A1:5,7/29/19,NA,
32.02,32.02,0.37,4.24,5,137,A1:5,7/29/19,NA,
32.04,32.04,2.23,4.35,5,137,A1:5,7/29/19,NA,
32.05,32.05,2.55,4.17,5,137,A1:5,7/29/19,NA,
32.06,32.06,3.93,4.26,5,137,A1:5,7/29/19,NA,
32.07,32.07,3.32,4.13,5,137,A1:5,7/29/19,NA,
32.08,32.08,5.35,4.28,5,137,A1:5,7/29/19,NA,
32.09,32.09,2.63,4.12,5,137,A1:5,7/29/19,NA,
32.1,32.1,4.95,4.19,5,137,A1:5,7/29/19,NA,
32.11,32.11,1.25,4.33,5,137,A1:5,7/29/19,NA,
32.12,32.12,3.2,4.36,5,137,A1:5,7/29/19,NA,
32.13,32.13,2.32,4.32,5,137,A1:5,7/29/19,NA,
32.14,32.14,2.3,4.24,5,137,A1:5,7/29/19,NA,
32.16,32.16,4.58,4.24,5,137,A1:5,7/29/19,NA,
32.17,32.17,3.92,4.28,5,137,A1:5,7/29/19,NA,
32.18,32.18,5.75,4.46,5,137,A1:5,7/29/19,NA,
32.19,32.19,0.98,4.13,5,137,A1:5,7/29/19,NA,
32.2,32.2,1.02,4.32,5,137,A1:5,7/29/19,NA,
32.21,32.21,4.25,4.29,5,137,A1:5,7/29/19,NA,
32.22,32.22,4.32,4.24,5,137,A1:5,7/29/19,NA,
32.23,32.23,4.4,4.21,5,137,A1:5,7/29/19,NA,
32.25,32.25,6.75,4.32,5,137,A1:5,7/29/19,NA,
32.27,32.27,2.52,NA,5,137,A1:5,7/29/19,NA,
32.28,32.28,1.22,4.01,5,137,A1:5,7/29/19,NA,
32.29,32.29,0.88,4.42,5,137,A1:5,7/29/19,NA,
32.3,32.3,3.78,4.24,5,137,A1:5,7/29/19,NA,
33.01,33.01,1.35,4.12,36,118,C2:1,7/30/19,NA,
33.03,33.03,3.43,4.35,36,118,C2:1,7/30/19,NA,
33.04,33.04,6.28,4.14,36,118,C2:1,7/30/19,NA,
33.06,33.06,6.83,4.18,36,118,C2:1,7/30/19,NA,
33.07,33.07,6.3,4.31,36,118,C2:1,7/30/19,NA,
33.09,33.09,8.08,4.14,36,118,C2:1,7/30/19,NA,
33.1,33.1,10,4.27,36,118,C2:1,7/30/19,NA,
33.11,33.11,5.8,4.24,36,118,C2:1,7/30/19,NA,
33.12,33.12,4.33,4.19,36,118,C2:1,7/30/19,NA,
33.14,33.14,6.97,4.24,36,118,C2:1,7/30/19,NA,
33.15,33.15,6.17,4.08,36,118,C2:1,7/30/19,NA,
33.16,33.16,6.23,3.94,36,118,C2:1,7/30/19,NA,
33.17,33.17,6.22,4.26,36,118,C2:1,7/30/19,NA,
33.18,33.18,6.18,4.09,36,118,C2:1,7/30/19,NA,
33.19,33.19,6.67,4.15,36,118,C2:1,7/30/19,NA,
33.2,33.2,0.22,4.21,36,118,C2:1,7/30/19,NA,
33.21,33.21,6.4,4.21,36,118,C2:1,7/30/19,NA,
33.22,33.22,3.7,4.14,36,118,C2:1,7/30/19,NA,
33.23,33.23,7.33,4.4,36,118,C2:1,7/30/19,NA,
33.24,33.24,3.9,4.23,36,118,C2:1,7/30/19,NA,
33.25,33.25,5.02,4.21,36,118,C2:1,7/30/19,NA,
33.26,33.26,2.75,NA,36,118,C2:1,7/30/19,NA,
33.27,33.27,1.75,4.37,36,118,C2:1,7/30/19,NA,
33.28,33.28,8,4.25,36,118,C2:1,7/30/19,NA,
33.29,33.29,4.45,NA,36,118,C2:1,7/30/19,NA,
33.3,33.3,2.75,3.99,36,118,C2:1,7/30/19,NA,
34.01,34.01,6.27,4.17,30,171,A3:5,8/1/19,NA,
34.02,34.02,4.15,4.27,30,171,A3:5,8/1/19,NA,
34.03,34.03,3.88,NA,30,171,A3:5,8/1/19,NA,
34.04,34.04,2.28,4.21,30,171,A3:5,8/1/19,NA,
34.07,34.07,3.73,4.17,30,171,A3:5,8/1/19,NA,
34.08,34.08,6.27,4.33,30,171,A3:5,8/1/19,NA,
34.09,34.09,0.17,3.94,30,171,A3:5,8/1/19,NA,
34.1,34.1,8.33,4.55,30,171,A3:5,8/1/19,NA,
34.11,34.11,4.65,4.3,30,171,A3:5,8/1/19,NA,
34.12,34.12,6.08,4.22,30,171,A3:5,8/1/19,NA,
34.15,34.15,4,NA,30,171,A3:5,8/1/19,NA,
34.16,34.16,6.27,4.29,30,171,A3:5,8/1/19,NA,
34.17,34.17,5.12,NA,30,171,A3:5,8/1/19,NA,
35.01,35.01,2.88,4.33,13,103,B3:3,8/2/19,NA,
35.03,35.03,0.23,4.18,13,103,B3:3,8/2/19,NA,
35.04,35.04,0.37,4.12,13,103,B3:3,8/2/19,NA,
35.05,35.05,5.43,NA,13,103,B3:3,8/2/19,NA,
35.06,35.06,4.5,4.14,13,103,B3:3,8/2/19,NA,
35.08,35.08,3.17,4.34,13,103,B3:3,8/2/19,NA,
35.09,35.09,2.47,NA,13,103,B3:3,8/2/19,NA,
35.1,35.1,4.32,4.22,13,103,B3:3,8/2/19,NA,
35.12,35.12,4.27,4.27,13,103,B3:3,8/2/19,NA,
35.13,35.13,2.37,4.42,13,103,B3:3,8/2/19,NA,
35.15,35.15,7.88,4.24,13,103,B3:3,8/2/19,NA,
36.02,36.02,0.3,4.15,61,2,A1:2,8/7/19,NA,
36.03,36.03,5.53,4.29,61,2,A1:2,8/7/19,NA,
36.05,36.05,3.28,4.09,61,2,A1:2,8/7/19,NA,
36.07,36.07,3,4.07,61,2,A1:2,8/7/19,NA,
36.08,36.08,3.83,4.24,61,2,A1:2,8/7/19,NA,
36.09,36.09,4.52,NA,61,2,A1:2,8/7/19,NA,
36.1,36.1,2.7,4.31,61,2,A1:2,8/7/19,NA,
36.11,36.11,6.88,4.26,61,2,A1:2,8/7/19,NA,
36.13,36.13,4.83,4.22,61,2,A1:2,8/7/19,NA,
36.14,36.14,5.53,4.11,61,2,A1:2,8/7/19,NA,
36.15,36.15,5.08,4.26,61,2,A1:2,8/7/19,NA,
37.01,37.01,5.53,4.49,30,171,A3:5,8/14/19,NA,
37.02,37.02,2.63,4.3,30,171,A3:5,8/14/19,NA,
37.03,37.03,5.82,4.19,30,171,A3:5,8/14/19,NA,
37.04,37.04,5.17,4.29,30,171,A3:5,8/14/19,NA,
37.05,37.05,0.52,4.44,30,171,A3:5,8/14/19,NA,
37.06,37.06,5.23,4.45,30,171,A3:5,8/14/19,NA,
37.07,37.07,3.93,4.43,30,171,A3:5,8/14/19,NA,
37.08,37.08,4.82,4.37,30,171,A3:5,8/14/19,NA,
37.09,37.09,5.57,4.36,30,171,A3:5,8/14/19,NA,
37.11,37.11,4.75,4.47,30,171,A3:5,8/14/19,NA,
37.13,37.13,3.97,4.33,30,171,A3:5,8/14/19,NA,
37.14,37.14,5.92,4.36,30,171,A3:5,8/14/19,NA,
37.16,37.16,7.55,4.38,30,171,A3:5,8/14/19,NA,
37.17,37.17,2.78,4.18,30,171,A3:5,8/14/19,NA,
37.19,37.19,5.27,4.24,30,171,A3:5,8/14/19,NA,
37.2,37.2,5.05,4.24,30,171,A3:5,8/14/19,NA,
38.01,38.01,2.73,4.1,14,174,A3:4,8/15/19,NA,
38.03,38.03,6.27,4.39,14,174,A3:4,8/15/19,NA,
38.04,38.04,4.93,4.26,14,174,A3:4,8/15/19,NA,
38.05,38.05,4.95,4.43,14,174,A3:4,8/15/19,NA,
38.06,38.06,5.05,4.08,14,174,A3:4,8/15/19,NA,
38.07,38.07,2.42,4.4,14,174,A3:4,8/15/19,NA,
38.08,38.08,4.52,4.3,14,174,A3:4,8/15/19,NA,
38.09,38.09,4.45,4.42,14,174,A3:4,8/15/19,NA,
38.1,38.1,4.62,4.35,14,174,A3:4,8/15/19,NA,
38.11,38.11,4.13,4.24,14,174,A3:4,8/15/19,NA,
38.13,38.13,3.97,4.33,14,174,A3:4,8/15/19,NA,
38.15,38.15,0.3,4.3,14,174,A3:4,8/15/19,NA,
38.16,38.16,2.42,4.4,14,174,A3:4,8/15/19,NA,
38.17,38.17,5.48,4.33,14,174,A3:4,8/15/19,NA,
38.18,38.18,5.08,4.41,14,174,A3:4,8/15/19,NA,
38.19,38.19,3.15,4.14,14,174,A3:4,8/15/19,NA,
38.2,38.2,1.25,4.27,14,174,A3:4,8/15/19,NA,
38.21,38.21,0.7,4.36,14,174,A3:4,8/15/19,NA,
38.22,38.22,6.27,4.48,14,174,A3:4,8/15/19,NA,
38.23,38.23,1.72,4.34,14,174,A3:4,8/15/19,NA,
38.24,38.24,5.05,NA,14,174,A3:4,8/15/19,NA,
38.25,38.25,5.2,4.27,14,174,A3:4,8/15/19,NA,
38.26,38.26,1.42,4.02,14,174,A3:4,8/15/19,NA,
38.27,38.27,3.9,4.26,14,174,A3:4,8/15/19,NA,
38.29,38.29,4.92,4.43,14,174,A3:4,8/15/19,NA,
38.3,38.3,8.7,4.29,14,174,A3:4,8/15/19,NA,
39.01,39.01,3.13,NA,66,96,A1:3,8/16/19,NA,
39.02,39.02,5,4.4,66,96,A1:3,8/16/19,NA,
39.04,39.04,8.93,4.3,66,96,A1:3,8/16/19,NA,
39.05,39.05,6,4.44,66,96,A1:3,8/16/19,NA,
39.06,39.06,4.25,4.27,66,96,A1:3,8/16/19,NA,
39.07,39.07,5.75,4.22,66,96,A1:3,8/16/19,NA,
39.08,39.08,4.4,4.33,66,96,A1:3,8/16/19,NA,
39.09,39.09,5.08,4.3,66,96,A1:3,8/16/19,NA,
39.1,39.1,4.43,4.21,66,96,A1:3,8/16/19,NA,
39.11,39.11,5.1,4.24,66,96,A1:3,8/16/19,NA,
39.13,39.13,0.27,4.02,66,96,A1:3,8/16/19,NA,
40.01,40.01,5.72,4.42,13,103,B3:3,8/16/19,NA,
40.02,40.02,6.65,4.51,13,103,B3:3,8/16/19,NA,
40.03,40.03,6.33,4.29,13,103,B3:3,8/16/19,NA,
40.04,40.04,5.6,4.32,13,103,B3:3,8/16/19,NA,
40.05,40.05,5.78,4.32,13,103,B3:3,8/16/19,NA,
40.07,40.07,5.28,4.57,13,103,B3:3,8/16/19,NA,
40.08,40.08,0.25,NA,13,103,B3:3,8/16/19,NA,
40.1,40.1,8.33,4.38,13,103,B3:3,8/16/19,NA,
40.12,40.12,5.83,4.49,13,103,B3:3,8/16/19,NA,
40.13,40.13,5.27,4.47,13,103,B3:3,8/16/19,NA,
40.14,40.14,4.5,4.43,13,103,B3:3,8/16/19,NA,
41.01,41.01,2.17,NA,9,97,A2:4,8/18/19,NA,
41.03,41.03,1.43,4.17,9,97,A2:4,8/18/19,NA,
41.04,41.04,1.33,4.17,9,97,A2:4,8/18/19,NA,
41.05,41.05,0.17,4.04,9,97,A2:4,8/18/19,NA,
41.06,41.06,4.48,4.31,9,97,A2:4,8/18/19,NA,
41.07,41.07,0.78,4.02,9,97,A2:4,8/18/19,NA,
41.08,41.08,8.03,4.25,9,97,A2:4,8/18/19,NA,
41.11,41.11,1.78,3.95,9,97,A2:4,8/18/19,NA,
41.12,41.12,4.67,4.12,9,97,A2:4,8/18/19,NA,
41.13,41.13,2.3,4.21,9,97,A2:4,8/18/19,NA,
41.14,41.14,0.88,4.19,9,97,A2:4,8/18/19,NA,
41.15,41.15,5.07,4.22,9,97,A2:4,8/18/19,NA,
41.16,41.16,6.2,4.2,9,97,A2:4,8/18/19,NA,
41.17,41.17,2.48,4.29,9,97,A2:4,8/18/19,NA,
41.18,41.18,2.65,4.18,9,97,A2:4,8/18/19,NA,
41.19,41.19,1.57,4.26,9,97,A2:4,8/18/19,NA,
41.2,41.2,4.33,NA,9,97,A2:4,8/18/19,NA,
41.21,41.21,4.25,4.19,9,97,A2:4,8/18/19,NA,
41.22,41.22,4.4,4.22,9,97,A2:4,8/18/19,NA,
41.23,41.23,3.38,4.24,9,97,A2:4,8/18/19,NA,
41.24,41.24,4.72,4.22,9,97,A2:4,8/18/19,NA,
41.25,41.25,2.23,4.18,9,97,A2:4,8/18/19,NA,
41.26,41.26,3.78,NA,9,97,A2:4,8/18/19,NA,
41.27,41.27,6.5,4.18,9,97,A2:4,8/18/19,NA,
41.29,41.29,4.38,4.18,9,97,A2:4,8/18/19,NA,
41.3,41.3,6.05,4.12,9,97,A2:4,8/18/19,NA,
42.02,42.02,3.55,4.36,29,122,C3:2,8/19/19,NA,
42.03,42.03,7.73,4.32,29,122,C3:2,8/19/19,NA,
42.04,42.04,4.4,4.26,29,122,C3:2,8/19/19,NA,
42.05,42.05,4.58,4.06,29,122,C3:2,8/19/19,NA,
42.07,42.07,2.57,4.28,29,122,C3:2,8/19/19,NA,
42.08,42.08,5.8,4.25,29,122,C3:2,8/19/19,NA,
42.09,42.09,4.32,4.16,29,122,C3:2,8/19/19,NA,
42.1,42.1,4.93,4.14,29,122,C3:2,8/19/19,NA,
42.12,42.12,2.62,4.3,29,122,C3:2,8/19/19,NA,
42.13,42.13,3.02,4.14,29,122,C3:2,8/19/19,NA,
42.14,42.14,1.8,4.13,29,122,C3:2,8/19/19,NA,
42.16,42.16,1.22,4.1,29,122,C3:2,8/19/19,NA,
42.17,42.17,3.18,3.95,29,122,C3:2,8/19/19,NA,
42.18,42.18,6.18,4.15,29,122,C3:2,8/19/19,NA,
42.19,42.19,3.1,4.18,29,122,C3:2,8/19/19,NA,
42.2,42.2,1.48,4.34,29,122,C3:2,8/19/19,NA,
42.21,42.21,5.82,4.04,29,122,C3:2,8/19/19,NA,
42.22,42.22,0.12,NA,29,122,C3:2,8/19/19,NA,
42.23,42.23,1.35,3.96,29,122,C3:2,8/19/19,NA,
42.24,42.24,3.92,3.98,29,122,C3:2,8/19/19,NA,
42.25,42.25,2.5,NA,29,122,C3:2,8/19/19,NA,
42.26,42.26,2.7,NA,29,122,C3:2,8/19/19,NA,
42.27,42.27,1.47,4.17,29,122,C3:2,8/19/19,NA,
42.28,42.28,1.37,4.18,29,122,C3:2,8/19/19,NA,
42.29,42.29,3.42,3.97,29,122,C3:2,8/19/19,NA,
42.3,42.3,6.28,4.3,29,122,C3:2,8/19/19,NA,
43.01,43.01,5.37,4.2,61,2,A1:2,8/21/19,NA,
43.02,43.02,5.37,4.23,61,2,A1:2,8/21/19,NA,
43.03,43.03,4.25,NA,61,2,A1:2,8/21/19,NA,
43.04,43.04,6.38,NA,61,2,A1:2,8/21/19,NA,
43.06,43.06,5.02,NA,61,2,A1:2,8/21/19,NA,
43.07,43.07,0.78,NA,61,2,A1:2,8/21/19,NA,
43.08,43.08,4.23,NA,61,2,A1:2,8/21/19,NA,
43.09,43.09,4.3,NA,61,2,A1:2,8/21/19,NA,
43.1,43.1,3.68,NA,61,2,A1:2,8/21/19,NA,
43.12,43.12,6.27,4.3,61,2,A1:2,8/21/19,NA,
43.13,43.13,5.7,4.42,61,2,A1:2,8/21/19,NA,
44.02,44.02,4.42,4.25,55,129,D2:5,9/11/19,NA,
44.03,44.03,6.27,4.2,55,129,D2:5,9/11/19,NA,
44.04,44.04,5.07,4.24,55,129,D2:5,9/11/19,NA,
44.05,44.05,4.33,4.15,55,129,D2:5,9/11/19,NA,
44.06,44.06,6.22,4.2,55,129,D2:5,9/11/19,NA,
44.08,44.08,1.58,4.13,55,129,D2:5,9/11/19,NA,
44.09,44.09,5.43,NA,55,129,D2:5,9/11/19,NA,
44.1,44.1,3.2,4,55,129,D2:5,9/11/19,NA,
44.11,44.11,4.37,4.23,55,129,D2:5,9/11/19,NA,
44.14,44.14,7.93,3.97,55,129,D2:5,9/11/19,NA,
44.15,44.15,4.73,4.22,55,129,D2:5,9/11/19,NA,
45.01,45.01,3.93,4.18,78,132,D3:5,9/14/19,NA,
45.02,45.02,4.72,4.24,78,132,D3:5,9/14/19,NA,
45.03,45.03,6.63,4.36,78,132,D3:5,9/14/19,NA,
45.04,45.04,4.72,4.4,78,132,D3:5,9/14/19,NA,
45.05,45.05,4.83,4.23,78,132,D3:5,9/14/19,NA,
45.06,45.06,0.6,4.26,78,132,D3:5,9/14/19,NA,
45.07,45.07,3.38,4.24,78,132,D3:5,9/14/19,NA,
45.08,45.08,2.05,3.94,78,132,D3:5,9/14/19,NA,
45.09,45.09,6.55,4.15,78,132,D3:5,9/14/19,NA,
45.1,45.1,3.07,3.9,78,132,D3:5,9/14/19,NA,
45.11,45.11,1.97,4.17,78,132,D3:5,9/14/19,NA,
45.12,45.12,4.23,4.05,78,132,D3:5,9/14/19,NA,
45.13,45.13,2.52,4.18,78,132,D3:5,9/14/19,NA,
45.14,45.14,2.22,4.17,78,132,D3:5,9/14/19,NA,
45.15,45.15,2.75,3.99,78,132,D3:5,9/14/19,NA,
45.16,45.16,3.1,4.27,78,132,D3:5,9/14/19,NA,
45.17,45.17,1.53,4.24,78,132,D3:5,9/14/19,NA,
45.18,45.18,0.87,4.43,78,132,D3:5,9/14/19,NA,
46.01,46.01,3.42,4.34,10,38,B3:4,9/16/19,NA,
46.02,46.02,3.4,4.16,10,38,B3:4,9/16/19,NA,
46.03,46.03,4.63,4.06,10,38,B3:4,9/16/19,NA,
46.04,46.04,1.23,4.32,10,38,B3:4,9/16/19,NA,
46.05,46.05,2.27,4.38,10,38,B3:4,9/16/19,NA,
46.06,46.06,0.32,4.09,10,38,B3:4,9/16/19,NA,
46.07,46.07,4.28,NA,10,38,B3:4,9/16/19,NA,
46.08,46.08,6.25,4.42,10,38,B3:4,9/16/19,NA,
46.09,46.09,3.53,4.43,10,38,B3:4,9/16/19,NA,
46.1,46.1,3.92,4.29,10,38,B3:4,9/16/19,NA,
46.11,46.11,4.22,NA,10,38,B3:4,9/16/19,NA,
46.12,46.12,6.32,4.19,10,38,B3:4,9/16/19,NA,
46.13,46.13,1.1,4.06,10,38,B3:4,9/16/19,NA,
46.14,46.14,2.75,4.3,10,38,B3:4,9/16/19,NA,
46.15,46.15,2.37,4.28,10,38,B3:4,9/16/19,NA,
46.16,46.16,2.25,4.27,10,38,B3:4,9/16/19,NA,
46.17,46.17,4.53,4.14,10,38,B3:4,9/16/19,NA,
46.18,46.18,3.03,4.33,10,38,B3:4,9/16/19,NA,
46.19,46.19,1.98,4.41,10,38,B3:4,9/16/19,NA,
46.2,46.2,0.27,4.31,10,38,B3:4,9/16/19,NA,
46.21,46.21,2.58,4.24,10,38,B3:4,9/16/19,NA,
46.22,46.22,4.95,4.31,10,38,B3:4,9/16/19,NA,
46.23,46.23,5.8,4.25,10,38,B3:4,9/16/19,NA,
46.24,46.24,4.23,4.24,10,38,B3:4,9/16/19,NA,
46.25,46.25,4.82,4.11,10,38,B3:4,9/16/19,NA,
46.26,46.26,4.53,4.35,10,38,B3:4,9/16/19,NA,
46.27,46.27,7.55,4.32,10,38,B3:4,9/16/19,NA,
46.28,46.28,4.5,4.22,10,38,B3:4,9/16/19,NA,
46.29,46.29,5.05,3.96,10,38,B3:4,9/16/19,NA,
46.3,46.3,1.13,4.26,10,38,B3:4,9/16/19,NA,
47.01,47.01,3.38,4.14,54,95,D2:4,9/17/19,NA,
47.02,47.02,4.42,4.34,54,95,D2:4,9/17/19,NA,
47.03,47.03,1.52,3.95,54,95,D2:4,9/17/19,NA,
47.04,47.04,4.17,4.18,54,95,D2:4,9/17/19,NA,
47.05,47.05,2.15,4.3,54,95,D2:4,9/17/19,NA,
47.06,47.06,7.1,4.06,54,95,D2:4,9/17/19,NA,
47.07,47.07,5.38,4.15,54,95,D2:4,9/17/19,NA,
47.08,47.08,1.03,4.08,54,95,D2:4,9/17/19,NA,
47.09,47.09,7.43,4.16,54,95,D2:4,9/17/19,NA,
47.1,47.1,5.8,NA,54,95,D2:4,9/17/19,NA,
47.11,47.11,1.77,4.18,54,95,D2:4,9/17/19,NA,
47.12,47.12,4.23,4.13,54,95,D2:4,9/17/19,NA,
47.13,47.13,2.73,NA,54,95,D2:4,9/17/19,NA,
47.14,47.14,4.65,4.04,54,95,D2:4,9/17/19,NA,
47.15,47.15,0.75,4.19,54,95,D2:4,9/17/19,NA,
48.01,48.01,0.67,NA,9,98,A1:3,9/26/19,NA,NA
48.02,48.02,0.4,4.29,9,98,A1:3,9/26/19,NA,NA
48.03,48.03,2.67,NA,9,98,A1:3,9/26/19,NA,NA
48.04,48.04,2.62,4.46,9,98,A1:3,9/26/19,NA,NA
48.05,48.05,2.73,4.34,9,98,A1:3,9/26/19,NA,NA
48.06,48.06,4.72,4.3,9,98,A1:3,9/26/19,NA,NA
48.07,48.07,4.77,NA,9,98,A1:3,9/26/19,NA,NA
48.08,48.08,4.45,4.03,9,98,A1:3,9/26/19,NA,NA
48.09,48.09,7.58,4.02,9,98,A1:3,9/26/19,NA,NA
48.1,48.1,5.7,NA,9,98,A1:3,9/26/19,NA,NA
48.11,48.11,1.97,NA,9,98,A1:3,9/26/19,NA,NA
48.12,48.12,4.7,NA,9,98,A1:3,9/26/19,NA,NA
48.13,48.13,4.25,4.13,9,98,A1:3,9/26/19,NA,NA
48.14,48.14,5.92,4.41,9,98,A1:3,9/26/19,NA,NA
48.15,48.15,0.35,4.3,9,98,A1:3,9/26/19,NA,NA
49.02,49.02,3.5,4.07,74,122,C2:4,10/3/19,NA,NA
49.03,49.03,4.23,4.2,74,122,C2:4,10/3/19,NA,NA
49.04,49.04,4.62,4.1,74,122,C2:4,10/3/19,NA,NA
49.05,49.05,5.67,4.23,74,122,C2:4,10/3/19,NA,NA
50.01,50.01,4.25,NA,66,171,A3:1,10/10/19,NA,NA
50.02,50.02,4.57,4.27,66,171,A3:1,10/10/19,NA,NA
50.03,50.03,4.82,4.47,66,171,A3:1,10/10/19,NA,NA
50.04,50.04,0.38,4.25,66,171,A3:1,10/10/19,NA,NA
50.05,50.05,6.25,4.26,66,171,A3:1,10/10/19,NA,NA
50.06,50.06,2.32,4.4,66,171,A3:1,10/10/19,NA,NA
50.07,50.07,2.08,4.14,66,171,A3:1,10/10/19,NA,NA
50.08,50.08,5.12,4.26,66,171,A3:1,10/10/19,NA,NA
50.09,50.09,2.82,4.15,66,171,A3:1,10/10/19,NA,NA
50.1,50.1,3.42,4.28,66,171,A3:1,10/10/19,NA,NA
50.11,50.11,4.53,4.43,66,171,A3:1,10/10/19,NA,NA
50.12,50.12,7.38,4.45,66,171,A3:1,10/10/19,NA,NA
50.13,50.13,0.57,NA,66,171,A3:1,10/10/19,NA,NA
50.14,50.14,8.18,4.5,66,171,A3:1,10/10/19,NA,NA
50.15,50.15,8.6,4.31,66,171,A3:1,10/10/19,NA,NA
51.01,51.01,3.25,4.27,61,2,A1:2,10/11/19,NA,NA
51.02,51.02,2.5,4.2,61,2,A1:2,10/11/19,NA,NA
51.03,51.03,3.12,4.33,61,2,A1:2,10/11/19,NA,NA
51.04,51.04,2.53,4.09,61,2,A1:2,10/11/19,NA,NA
51.05,51.05,4.15,4.03,61,2,A1:2,10/11/19,NA,NA
51.06,51.06,5.72,4.05,61,2,A1:2,10/11/19,NA,NA
51.07,51.07,2.48,4.21,61,2,A1:2,10/11/19,NA,NA
51.08,51.08,6.7,4.19,61,2,A1:2,10/11/19,NA,NA
51.09,51.09,5.42,4.11,61,2,A1:2,10/11/19,NA,NA
51.1,51.1,4.6,4.13,61,2,A1:2,10/11/19,NA,NA
51.11,51.11,6.12,4.24,61,2,A1:2,10/11/19,NA,NA
51.12,51.12,2.83,4.24,61,2,A1:2,10/11/19,NA,NA
51.13,51.13,1.77,4.3,61,2,A1:2,10/11/19,NA,NA
52.01,52.01,3.07,4.27,22,165,B2:2,10/22/19,NA,NA
52.02,52.02,2.73,4.35,22,165,B2:2,10/22/19,NA,NA
52.03,52.03,0.43,4.43,22,165,B2:2,10/22/19,NA,NA
52.04,52.04,2,4.24,22,165,B2:2,10/22/19,NA,NA
52.14,52.14,2.85,4.32,22,165,B2:2,10/22/19,NA,NA
52.15,52.15,4.4,4.15,22,165,B2:2,10/22/19,NA,NA
52.16,52.16,4.62,4.31,22,165,B2:2,10/22/19,NA,NA
52.17,52.17,0.17,4.25,22,165,B2:2,10/22/19,NA,NA
52.18,52.18,4.18,4.23,22,165,B2:2,10/22/19,NA,NA
52.19,52.19,7.45,4.16,22,165,B2:2,10/22/19,NA,NA
52.2,52.2,4.25,4.36,22,165,B2:2,10/22/19,NA,NA
53.01,53.01,1.83,4.44,14,175,A1:5,10/29/19,NA,NA
53.02,53.02,2.08,4.35,14,175,A1:5,10/29/19,NA,NA
53.03,53.03,2.28,4.06,14,175,A1:5,10/29/19,NA,NA
53.04,53.04,3.12,4.3,14,175,A1:5,10/29/19,NA,NA
53.05,53.05,4.88,4.2,14,175,A1:5,10/29/19,NA,NA
53.06,53.06,4.53,4.26,14,175,A1:5,10/29/19,NA,NA
53.07,53.07,6.87,4.41,14,175,A1:5,10/29/19,NA,NA
53.08,53.08,4.33,4.05,14,175,A1:5,10/29/19,NA,NA
53.09,53.09,2.07,4.38,14,175,A1:5,10/29/19,NA,NA
53.1,53.1,4.9,NA,14,175,A1:5,10/29/19,NA,NA
53.11,53.11,4,NA,14,175,A1:5,10/29/19,NA,NA
53.12,53.12,5.7,4.12,14,175,A1:5,10/29/19,NA,NA
53.13,53.13,3.02,4.34,14,175,A1:5,10/29/19,NA,NA
53.14,53.14,3.42,4.05,14,175,A1:5,10/29/19,NA,NA
53.15,53.15,4.15,4.2,14,175,A1:5,10/29/19,NA,NA
53.16,53.16,5.05,4.48,14,175,A1:5,10/29/19,NA,NA
53.17,53.17,4.6,4.43,14,175,A1:5,10/29/19,NA,NA
53.18,53.18,3.85,4.22,14,175,A1:5,10/29/19,NA,NA
53.19,53.19,0.18,4.27,14,175,A1:5,10/29/19,NA,NA
54.01,54.01,4.33,4.11,18,115,B2:3,11/1/19,NA,NA
54.02,54.02,0.87,4.43,18,115,B2:3,11/1/19,NA,NA
54.03,54.03,2.27,3.92,18,115,B2:3,11/1/19,NA,NA
54.04,54.04,6.38,4.36,18,115,B2:3,11/1/19,NA,NA
54.05,54.05,2.2,4.01,18,115,B2:3,11/1/19,NA,NA
54.06,54.06,4,4.01,18,115,B2:3,11/1/19,NA,NA
54.07,54.07,6.2,4.17,18,115,B2:3,11/1/19,NA,NA
54.08,54.08,5.1,NA,18,115,B2:3,11/1/19,NA,NA
54.09,54.09,6.5,4.17,18,115,B2:3,11/1/19,NA,NA
54.1,54.1,4.98,4.04,18,115,B2:3,11/1/19,NA,NA
54.11,54.11,3.33,4.23,18,115,B2:3,11/1/19,NA,NA
54.12,54.12,5.12,4.17,18,115,B2:3,11/1/19,NA,NA
54.13,54.13,3.98,4.05,18,115,B2:3,11/1/19,NA,NA
54.14,54.14,0.5,4.24,18,115,B2:3,11/1/19,NA,NA
54.15,54.15,5.08,4.17,18,115,B2:3,11/1/19,NA,NA
55.01,55.01,4.25,4.44,66,171,A3:1,11/5/19,NA,NA
55.02,55.02,3.2,NA,66,171,A3:1,11/5/19,NA,NA
55.03,55.03,2.58,4.18,66,171,A3:1,11/5/19,NA,NA
55.04,55.04,0.62,4.47,66,171,A3:1,11/5/19,NA,NA
55.05,55.05,1.03,4.4,66,171,A3:1,11/5/19,NA,NA
55.06,55.06,6,4.26,66,171,A3:1,11/5/19,NA,NA
55.07,55.07,4.55,4.36,66,171,A3:1,11/5/19,NA,NA
55.08,55.08,6.18,4.43,66,171,A3:1,11/5/19,NA,NA
55.09,55.09,4.63,4.38,66,171,A3:1,11/5/19,NA,NA
55.1,55.1,6.65,4.49,66,171,A3:1,11/5/19,NA,NA
55.11,55.11,0.03,4.31,66,171,A3:1,11/5/19,NA,NA
55.12,55.12,2.48,4.29,66,171,A3:1,11/5/19,NA,NA
55.13,55.13,3.5,4.36,66,171,A3:1,11/5/19,NA,NA
55.14,55.14,2.07,4.32,66,171,A3:1,11/5/19,NA,NA
55.15,55.15,1.05,4.31,66,171,A3:1,11/5/19,NA,NA
56.01,56.01,0.48,4.02,5,108,A3:4,11/11/19,NA,NA
56.02,56.02,3.73,4.26,5,108,A3:4,11/11/19,NA,NA
56.03,56.03,3.8,4.4,5,108,A3:4,11/11/19,NA,NA
56.04,56.04,6.2,4.22,5,108,A3:4,11/11/19,NA,NA
56.05,56.05,3.38,4.12,5,108,A3:4,11/11/19,NA,NA
56.06,56.06,3.97,4.18,5,108,A3:4,11/11/19,NA,NA
56.07,56.07,3.07,4.28,5,108,A3:4,11/11/19,NA,NA
56.08,56.08,7.4,4.15,5,108,A3:4,11/11/19,NA,NA
56.09,56.09,2.2,4.26,5,108,A3:4,11/11/19,NA,NA
56.1,56.1,2.78,4.21,5,108,A3:4,11/11/19,NA,NA
56.11,56.11,4.9,4.26,5,108,A3:4,11/11/19,NA,NA
56.12,56.12,3.62,4.29,5,108,A3:4,11/11/19,NA,NA
56.13,56.13,2.95,4.3,5,108,A3:4,11/11/19,NA,NA
56.14,56.14,4.67,4.03,5,108,A3:4,11/11/19,NA,NA
56.15,56.15,3.22,4.18,5,108,A3:4,11/11/19,NA,NA
56.16,56.16,5,4.46,5,108,A3:4,11/11/19,NA,NA
56.17,56.17,4.73,4.26,5,108,A3:4,11/11/19,NA,NA
56.18,56.18,4.28,4.16,5,108,A3:4,11/11/19,NA,NA
56.19,56.19,6.1,4.37,5,108,A3:4,11/11/19,NA,NA
56.2,56.2,3.77,4.32,5,108,A3:4,11/11/19,NA,NA
56.21,56.21,2.97,4.26,5,108,A3:4,11/11/19,NA,NA
56.22,56.22,5.13,4.39,5,108,A3:4,11/11/19,NA,NA
56.23,56.23,1.75,4.23,5,108,A3:4,11/11/19,NA,NA
56.24,56.24,3.83,4.25,5,108,A3:4,11/11/19,NA,NA
56.25,56.25,5.33,4.26,5,108,A3:4,11/11/19,NA,NA
56.26,56.26,4.3,4.21,5,108,A3:4,11/11/19,NA,NA
56.27,56.27,5.32,4.39,5,108,A3:4,11/11/19,NA,NA
56.28,56.28,0.1,4.4,5,108,A3:4,11/11/19,NA,NA
56.29,56.29,4.78,4.31,5,108,A3:4,11/11/19,NA,NA
56.3,56.3,4.67,4.17,5,108,A3:4,11/11/19,NA,NA
57.01,57.01,6.03,4.24,114,156,B1:1,11/18/19,NA,NA
57.02,57.02,6.12,4.3,114,156,B1:1,11/18/19,NA,NA
57.03,57.03,6.98,4.19,114,156,B1:1,11/18/19,NA,NA
57.04,57.04,3.2,4.33,114,156,B1:1,11/18/19,NA,NA
57.05,57.05,4.13,4.3,114,156,B1:1,11/18/19,NA,NA
57.06,57.06,6.17,4.36,114,156,B1:1,11/18/19,NA,NA
57.07,57.07,4.15,4.23,114,156,B1:1,11/18/19,NA,NA
57.08,57.08,3.28,4.4,114,156,B1:1,11/18/19,NA,NA
57.09,57.09,5.93,4.18,114,156,B1:1,11/18/19,NA,NA
57.1,57.1,4.18,4.39,114,156,B1:1,11/18/19,NA,NA
57.11,57.11,0.13,4.24,114,156,B1:1,11/18/19,NA,NA
57.12,57.12,4.38,4.38,114,156,B1:1,11/18/19,NA,NA
57.13,57.13,6.78,4.41,114,156,B1:1,11/18/19,NA,NA
57.14,57.14,5.63,4.39,114,156,B1:1,11/18/19,NA,NA
57.15,57.15,6.23,4.33,114,156,B1:1,11/18/19,NA,NA
57.16,57.16,3.78,4.37,114,156,B1:1,11/18/19,NA,NA
57.17,57.17,2.22,4.37,114,156,B1:1,11/18/19,NA,NA
57.18,57.18,9.23,4.23,114,156,B1:1,11/18/19,NA,NA
57.19,57.19,4.65,4.28,114,156,B1:1,11/18/19,NA,NA
57.2,57.2,4.17,4.37,114,156,B1:1,11/18/19,NA,NA
57.21,57.21,5.43,4.27,114,156,B1:1,11/18/19,NA,NA
57.22,57.22,5.52,4.18,114,156,B1:1,11/18/19,NA,NA
57.23,57.23,6.2,4.34,114,156,B1:1,11/18/19,NA,NA
57.24,57.24,6.12,4.41,114,156,B1:1,11/18/19,NA,NA
57.25,57.25,2.95,4.2,114,156,B1:1,11/18/19,NA,NA
57.26,57.26,3.33,4.27,114,156,B1:1,11/18/19,NA,NA
57.27,57.27,5.97,4.33,114,156,B1:1,11/18/19,NA,NA
57.28,57.28,4.17,4.29,114,156,B1:1,11/18/19,NA,NA
57.29,57.29,6.07,4.32,114,156,B1:1,11/18/19,NA,NA
57.3,57.3,6.68,4.48,114,156,B1:1,11/18/19,NA,NA
58.01,58.01,4.93,4.14,54,95,D2:4,11/21/19,NA,NA
58.02,58.02,5.62,4.24,54,95,D2:4,11/21/19,NA,NA
58.03,58.03,4.6,4.27,54,95,D2:4,11/21/19,NA,NA
58.04,58.04,4.25,4.44,54,95,D2:4,11/21/19,NA,NA
58.05,58.05,7.55,4.27,54,95,D2:4,11/21/19,NA,NA
58.06,58.06,2.35,4.21,54,95,D2:4,11/21/19,NA,NA
58.07,58.07,2.5,4.27,54,95,D2:4,11/21/19,NA,NA
58.08,58.08,2.32,4.17,54,95,D2:4,11/21/19,NA,NA
58.09,58.09,5.3,4.05,54,95,D2:4,11/21/19,NA,NA
58.1,58.1,4.65,4.31,54,95,D2:4,11/21/19,NA,NA
58.11,58.11,5.42,4.01,54,95,D2:4,11/21/19,NA,NA
58.12,58.12,6.2,4.36,54,95,D2:4,11/21/19,NA,NA
58.13,58.13,4.15,4.38,54,95,D2:4,11/21/19,NA,NA
58.14,58.14,4.82,4.36,54,95,D2:4,11/21/19,NA,NA
58.15,58.15,4.47,4.43,54,95,D2:4,11/21/19,NA,NA
59.01,59.01,0.95,4.26,6,137,A1:4,12/6/19,NA,NA
59.02,59.02,3.47,4.35,6,137,A1:4,12/6/19,NA,NA
59.03,59.03,5.67,4.26,6,137,A1:4,12/6/19,NA,NA
59.04,59.04,3.62,4.38,6,137,A1:4,12/6/19,NA,NA
59.05,59.05,5.72,4.07,6,137,A1:4,12/6/19,NA,NA
59.06,59.06,6.12,4.28,6,137,A1:4,12/6/19,NA,NA
59.07,59.07,4.27,4.45,6,137,A1:4,12/6/19,NA,NA
59.08,59.08,5.42,4.37,6,137,A1:4,12/6/19,NA,NA
59.09,59.09,2.25,4.38,6,137,A1:4,12/6/19,NA,NA
59.1,59.1,2.78,4.16,6,137,A1:4,12/6/19,NA,NA
59.11,59.11,2.03,4.32,6,137,A1:4,12/6/19,NA,NA
59.12,59.12,6.03,4.23,6,137,A1:4,12/6/19,NA,NA
59.13,59.13,6.82,4.17,6,137,A1:4,12/6/19,NA,NA
59.14,59.14,6.2,4.27,6,137,A1:4,12/6/19,NA,NA
59.15,59.15,2.53,4.32,6,137,A1:4,12/6/19,NA,NA
59.16,59.16,5.05,NA,6,137,A1:4,12/6/19,NA,NA
59.17,59.17,5.67,NA,6,137,A1:4,12/6/19,NA,NA
59.18,59.18,2.83,4.2,6,137,A1:4,12/6/19,NA,NA
59.19,59.19,4.18,4.41,6,137,A1:4,12/6/19,NA,NA
59.2,59.2,7.27,4.14,6,137,A1:4,12/6/19,NA,NA
59.21,59.21,7.05,4.46,6,137,A1:4,12/6/19,NA,NA
59.22,59.22,8.33,4.45,6,137,A1:4,12/6/19,NA,NA
59.23,59.23,6.02,4.31,6,137,A1:4,12/6/19,NA,NA
59.24,59.24,4.82,4.15,6,137,A1:4,12/6/19,NA,NA
59.25,59.25,5.52,4.29,6,137,A1:4,12/6/19,NA,NA
59.26,59.26,5.25,4.32,6,137,A1:4,12/6/19,NA,NA
59.27,59.27,5.15,4.23,6,137,A1:4,12/6/19,NA,NA
59.28,59.28,4.33,4.29,6,137,A1:4,12/6/19,NA,NA
59.29,59.29,6.53,4.19,6,137,A1:4,12/6/19,NA,NA
60.01,60.01,2.1,4.18,30,96,A2:4,12/7/19,NA,NA
60.02,60.02,3.45,4.23,30,96,A2:4,12/7/19,NA,NA
60.03,60.03,3.48,4.17,30,96,A2:4,12/7/19,NA,NA
60.04,60.04,0.85,4.27,30,96,A2:4,12/7/19,NA,NA
60.05,60.05,3.13,4.17,30,96,A2:4,12/7/19,NA,NA
60.06,60.06,3.07,4.19,30,96,A2:4,12/7/19,NA,NA
60.07,60.07,1.7,4.33,30,96,A2:4,12/7/19,NA,NA
60.08,60.08,3.7,4.23,30,96,A2:4,12/7/19,NA,NA
60.09,60.09,1.9,NA,30,96,A2:4,12/7/19,NA,NA
60.1,60.1,2.85,4.22,30,96,A2:4,12/7/19,NA,NA
60.11,60.11,1.52,4.15,30,96,A2:4,12/7/19,NA,NA
60.12,60.12,3.63,4.15,30,96,A2:4,12/7/19,NA,NA
60.13,60.13,2.45,4.05,30,96,A2:4,12/7/19,NA,NA
60.14,60.14,1.72,3.93,30,96,A2:4,12/7/19,NA,NA
60.15,60.15,2.92,3.96,30,96,A2:4,12/7/19,NA,NA
60.16,60.16,0.98,4.16,30,96,A2:4,12/7/19,NA,NA
60.17,60.17,0.43,4.23,30,96,A2:4,12/7/19,NA,NA
60.18,60.18,1.37,4.04,30,96,A2:4,12/7/19,NA,NA
60.19,60.19,3.37,4.31,30,96,A2:4,12/7/19,NA,NA
60.2,60.2,4.67,4.4,30,96,A2:4,12/7/19,NA,NA
60.21,60.21,1.82,4.24,30,96,A2:4,12/7/19,NA,NA
60.22,60.22,4.03,4.34,30,96,A2:4,12/7/19,NA,NA
60.23,60.23,2.97,4.29,30,96,A2:4,12/7/19,NA,NA
60.24,60.24,5.67,4.39,30,96,A2:4,12/7/19,NA,NA
60.25,60.25,4.6,4.16,30,96,A2:4,12/7/19,NA,NA
60.26,60.26,4.65,4.32,30,96,A2:4,12/7/19,NA,NA
60.27,60.27,4.43,4.11,30,96,A2:4,12/7/19,NA,NA
60.28,60.28,3.2,4.3,30,96,A2:4,12/7/19,NA,NA
60.29,60.29,0.23,4.22,30,96,A2:4,12/7/19,NA,NA
60.3,60.3,0.6,4.04,30,96,A2:4,12/7/19,NA,NA
61.01,61.01,0.92,4.26,18,115,B2:3,12/9/19,NA,NA
61.02,61.02,6.75,4.21,18,115,B2:3,12/9/19,NA,NA
61.03,61.03,4.73,4.31,18,115,B2:3,12/9/19,NA,NA
61.04,61.04,1.77,4.27,18,115,B2:3,12/9/19,NA,NA
61.05,61.05,7.22,4.22,18,115,B2:3,12/9/19,NA,NA
61.06,61.06,4.2,4.28,18,115,B2:3,12/9/19,NA,NA
61.07,61.07,4.82,4.45,18,115,B2:3,12/9/19,NA,NA
61.08,61.08,7.12,4.27,18,115,B2:3,12/9/19,NA,NA
61.09,61.09,5.48,4.37,18,115,B2:3,12/9/19,NA,NA
61.1,61.1,5.92,4.27,18,115,B2:3,12/9/19,NA,NA
61.11,61.11,2.18,4.33,18,115,B2:3,12/9/19,NA,NA
61.12,61.12,4.03,4.44,18,115,B2:3,12/9/19,NA,NA
61.13,61.13,4.53,4.14,18,115,B2:3,12/9/19,NA,NA
61.14,61.14,6.18,4.24,18,115,B2:3,12/9/19,NA,NA
61.15,61.15,4.67,4.4,18,115,B2:3,12/9/19,NA,NA
62.01,62.01,0.67,4.08,59,111,B2:5,12/11/19,NA,NA
62.02,62.02,3.5,4.07,59,111,B2:5,12/11/19,NA,NA
62.03,62.03,0.92,4.42,59,111,B2:5,12/11/19,NA,NA
62.04,62.04,5.77,4.04,59,111,B2:5,12/11/19,NA,NA
62.05,62.05,3.78,4.22,59,111,B2:5,12/11/19,NA,NA
62.06,62.06,2.45,4.07,59,111,B2:5,12/11/19,NA,NA
62.07,62.07,0.28,4.2,59,111,B2:5,12/11/19,NA,NA
62.08,62.08,3.3,4.19,59,111,B2:5,12/11/19,NA,NA
62.09,62.09,3.03,4.15,59,111,B2:5,12/11/19,NA,NA
62.1,62.1,2.63,4.13,59,111,B2:5,12/11/19,NA,NA
62.11,62.11,4.62,4.17,59,111,B2:5,12/11/19,NA,NA
62.12,62.12,2.13,4.23,59,111,B2:5,12/11/19,NA,NA
62.13,62.13,2.4,4.16,59,111,B2:5,12/11/19,NA,NA
62.14,62.14,2.38,4.37,59,111,B2:5,12/11/19,NA,NA
62.15,62.15,1.28,4.25,59,111,B2:5,12/11/19,NA,NA
62.16,62.16,4.22,4.09,59,111,B2:5,12/11/19,NA,NA
62.17,62.17,0.32,4.3,59,111,B2:5,12/11/19,NA,NA
62.18,62.18,4.52,4.18,59,111,B2:5,12/11/19,NA,NA
62.19,62.19,1.98,4.26,59,111,B2:5,12/11/19,NA,NA
62.2,62.2,1.97,4.14,59,111,B2:5,12/11/19,NA,NA
62.21,62.21,0.4,4.17,59,111,B2:5,12/11/19,NA,NA
62.22,62.22,2.73,4.17,59,111,B2:5,12/11/19,NA,NA
62.23,62.23,3.08,4.34,59,111,B2:5,12/11/19,NA,NA
62.24,62.24,4.2,4.08,59,111,B2:5,12/11/19,NA,NA
62.25,62.25,5.43,4.19,59,111,B2:5,12/11/19,NA,NA
62.26,62.26,3.93,4.21,59,111,B2:5,12/11/19,NA,NA
62.27,62.27,6.35,NA,59,111,B2:5,12/11/19,NA,NA
62.28,62.28,0.83,4.08,59,111,B2:5,12/11/19,NA,NA
62.29,62.29,4.25,4.27,59,111,B2:5,12/11/19,NA,NA
62.3,62.3,4.78,4,59,111,B2:5,12/11/19,NA,NA
63.01,63.01,4.87,4.3,29,116,C1:2,12/13/19,NA,NA
63.02,63.02,2.62,4.06,29,116,C1:2,12/13/19,NA,NA
63.03,63.03,0.22,4.19,29,116,C1:2,12/13/19,NA,NA
63.04,63.04,4.4,4.15,29,116,C1:2,12/13/19,NA,NA
63.05,63.05,0.93,4.08,29,116,C1:2,12/13/19,NA,NA
63.06,63.06,5.1,4.1,29,116,C1:2,12/13/19,NA,NA
63.07,63.07,5.23,4.21,29,116,C1:2,12/13/19,NA,NA
63.08,63.08,2.62,4.08,29,116,C1:2,12/13/19,NA,NA
63.09,63.09,5.75,4.18,29,116,C1:2,12/13/19,NA,NA
63.1,63.1,5.22,4.16,29,116,C1:2,12/13/19,NA,NA
63.11,63.11,3.85,4.18,29,116,C1:2,12/13/19,NA,NA
63.12,63.12,3.2,3.92,29,116,C1:2,12/13/19,NA,NA
63.13,63.13,4.12,4.07,29,116,C1:2,12/13/19,NA,NA
63.14,63.14,4.48,4.05,29,116,C1:2,12/13/19,NA,NA
63.15,63.15,5.32,4.31,29,116,C1:2,12/13/19,NA,NA
63.16,63.16,5.82,4.13,29,116,C1:2,12/13/19,NA,NA
63.17,63.17,1.03,4.37,29,116,C1:2,12/13/19,NA,NA
63.18,63.18,5.67,NA,29,116,C1:2,12/13/19,NA,NA
63.19,63.19,4.55,4.12,29,116,C1:2,12/13/19,NA,NA
63.2,63.2,4.77,4.27,29,116,C1:2,12/13/19,NA,NA
63.21,63.21,1.62,4.24,29,116,C1:2,12/13/19,NA,NA
63.22,63.22,0.48,3.91,29,116,C1:2,12/13/19,NA,NA
64.01,64.01,2.83,4.13,17,162,C1:3,1/10/20,NA,NA
64.02,64.02,3.5,3.71,17,162,C1:3,1/10/20,NA,NA
64.03,64.03,6.78,4.06,17,162,C1:3,1/10/20,NA,NA
64.04,64.04,0.28,4.14,17,162,C1:3,1/10/20,NA,NA
64.05,64.05,2.3,4.27,17,162,C1:3,1/10/20,NA,NA
64.06,64.06,6.42,4.29,17,162,C1:3,1/10/20,NA,NA
64.07,64.07,4.55,3.91,17,162,C1:3,1/10/20,NA,NA
64.08,64.08,5.63,4.03,17,162,C1:3,1/10/20,NA,NA
64.09,64.09,0.25,4.15,17,162,C1:3,1/10/20,NA,NA
64.1,64.1,4.88,4.06,17,162,C1:3,1/10/20,NA,NA
64.11,64.11,2.52,3.88,17,162,C1:3,1/10/20,NA,NA
64.12,64.12,4.73,4.12,17,162,C1:3,1/10/20,NA,NA
65.01,65.01,4.17,4.32,70,97,A3:5,1/21/20,NA,NA
65.02,65.02,1.33,4.1,70,97,A3:5,1/21/20,NA,NA
65.03,65.03,7.17,4.14,70,97,A3:5,1/21/20,NA,NA
65.04,65.04,4.12,4.23,70,97,A3:5,1/21/20,NA,NA
65.05,65.05,5.77,4.24,70,97,A3:5,1/21/20,NA,NA
65.06,65.06,4.18,4.14,70,97,A3:5,1/21/20,NA,NA
65.07,65.07,2.78,4.36,70,97,A3:5,1/21/20,NA,NA
65.08,65.08,4.08,4.38,70,97,A3:5,1/21/20,NA,NA
65.09,65.09,2.53,NA,70,97,A3:5,1/21/20,NA,NA
65.1,65.1,2.3,4.37,70,97,A3:5,1/21/20,NA,NA
65.11,65.11,5.47,4.31,70,97,A3:5,1/21/20,NA,NA
65.12,65.12,6.1,4.12,70,97,A3:5,1/21/20,NA,NA
65.13,65.13,6.65,4.41,70,97,A3:5,1/21/20,NA,NA
65.14,65.14,2.95,4.18,70,97,A3:5,1/21/20,NA,NA
65.15,65.15,6.13,NA,70,97,A3:5,1/21/20,NA,NA
65.16,65.16,6.23,4.33,70,97,A3:5,1/21/20,NA,NA
65.17,65.17,3.42,4.16,70,97,A3:5,1/21/20,NA,NA
65.18,65.18,4.4,NA,70,97,A3:5,1/21/20,NA,NA
65.19,65.19,2.23,4.06,70,97,A3:5,1/21/20,NA,NA
65.2,65.2,4.43,4.12,70,97,A3:5,1/21/20,NA,NA
66.01,66.01,5.43,4.19,22,165,B2:2,1/22/20,NA,NA
66.02,66.02,3.85,4.17,22,165,B2:2,1/22/20,NA,NA
66.03,66.03,3.17,4.26,22,165,B2:2,1/22/20,NA,NA
66.04,66.04,6.78,4.33,22,165,B2:2,1/22/20,NA,NA
66.05,66.05,6.93,4.19,22,165,B2:2,1/22/20,NA,NA
66.06,66.06,2,4.3,22,165,B2:2,1/22/20,NA,NA
66.07,66.07,8.3,4.31,22,165,B2:2,1/22/20,NA,NA
66.08,66.08,1.68,4.23,22,165,B2:2,1/22/20,NA,NA
66.09,66.09,3.55,4.19,22,165,B2:2,1/22/20,NA,NA
66.1,66.1,2.08,4.45,22,165,B2:2,1/22/20,NA,NA
66.11,66.11,2.88,4.17,22,165,B2:2,1/22/20,NA,NA
67.01,67.01,7.23,4.14,17,162,C1:3,1/24/20,NA,NA
67.02,67.02,6.63,4.21,17,162,C1:3,1/24/20,NA,NA
67.03,67.03,5.28,NA,17,162,C1:3,1/24/20,NA,NA
67.04,67.04,3.62,NA,17,162,C1:3,1/24/20,NA,NA
67.05,67.05,6.3,4.33,17,162,C1:3,1/24/20,NA,NA
67.06,67.06,5.1,NA,17,162,C1:3,1/24/20,NA,NA
67.07,67.07,4.38,4.27,17,162,C1:3,1/24/20,NA,NA
67.08,67.08,6.78,4.15,17,162,C1:3,1/24/20,NA,NA
67.09,67.09,6.52,4.14,17,162,C1:3,1/24/20,NA,NA
67.1,67.1,4.52,NA,17,162,C1:3,1/24/20,NA,NA
67.11,67.11,1,NA,17,162,C1:3,1/24/20,NA,NA
68.01,68.01,5.78,4.55,78,152,D2:5,1/27/20,NA,NA
68.02,68.02,2.57,4.35,78,152,D2:5,1/27/20,NA,NA
68.03,68.03,2.57,4.31,78,152,D2:5,1/27/20,NA,NA
68.04,68.04,8.03,4.31,78,152,D2:5,1/27/20,NA,NA
68.05,68.05,0,4.04,78,152,D2:5,1/27/20,NA,NA
68.06,68.06,3.9,4.46,78,152,D2:5,1/27/20,NA,NA
68.07,68.07,2.48,4.31,78,152,D2:5,1/27/20,NA,NA
68.08,68.08,7.58,4.19,78,152,D2:5,1/27/20,NA,NA
68.09,68.09,5.78,4.38,78,152,D2:5,1/27/20,NA,NA
68.1,68.1,1.33,4.09,78,152,D2:5,1/27/20,NA,NA
68.11,68.11,0.62,4.18,78,152,D2:5,1/27/20,NA,NA
68.12,68.12,9.55,4.05,78,152,D2:5,1/27/20,NA,NA
68.13,68.13,4.4,4.43,78,152,D2:5,1/27/20,NA,NA
68.14,68.14,0.72,4.34,78,152,D2:5,1/27/20,NA,NA
68.15,68.15,3.75,4.31,78,152,D2:5,1/27/20,NA,NA
68.16,68.16,4.42,4.41,78,152,D2:5,1/27/20,NA,NA
68.17,68.17,4.6,4.42,78,152,D2:5,1/27/20,NA,NA
68.18,68.18,2.8,4.42,78,152,D2:5,1/27/20,NA,NA
68.19,68.19,4.75,4.27,78,152,D2:5,1/27/20,NA,NA
68.2,68.2,3.92,4.45,78,152,D2:5,1/27/20,NA,NA
68.21,68.21,1.1,4.25,78,152,D2:5,1/27/20,NA,NA
68.22,68.22,6.2,4.3,78,152,D2:5,1/27/20,NA,NA
68.23,68.23,5.98,4.26,78,152,D2:5,1/27/20,NA,NA
68.24,68.24,4.6,4.28,78,152,D2:5,1/27/20,NA,NA
68.25,68.25,0.48,4.38,78,152,D2:5,1/27/20,NA,NA
68.26,68.26,5.43,4.34,78,152,D2:5,1/27/20,NA,NA
68.27,68.27,5.45,4.23,78,152,D2:5,1/27/20,NA,NA
68.28,68.28,5.3,4.32,78,152,D2:5,1/27/20,NA,NA
68.29,68.29,7.97,4.36,78,152,D2:5,1/27/20,NA,NA
68.3,68.3,1.22,4.2,78,152,D2:5,1/27/20,NA,NA
69.01,69.01,0,NA,55,142,D3:2,1/30/20,NA,NA
69.02,69.02,4.73,4.28,55,142,D3:2,1/30/20,NA,NA
69.03,69.03,6.8,4.27,55,142,D3:2,1/30/20,NA,NA
69.04,69.04,1.45,4.24,55,142,D3:2,1/30/20,NA,NA
69.05,69.05,2.22,4.25,55,142,D3:2,1/30/20,NA,NA
69.06,69.06,6.25,4.36,55,142,D3:2,1/30/20,NA,NA
69.07,69.07,2.98,NA,55,142,D3:2,1/30/20,NA,NA
69.08,69.08,2.58,4.31,55,142,D3:2,1/30/20,NA,NA
69.09,69.09,0.65,4.32,55,142,D3:2,1/30/20,NA,NA
69.1,69.1,7.23,4.31,55,142,D3:2,1/30/20,NA,NA
69.11,69.11,4.68,4.35,55,142,D3:2,1/30/20,NA,NA
69.12,69.12,4.12,4.39,55,142,D3:2,1/30/20,NA,NA
69.13,69.13,4.42,4.2,55,142,D3:2,1/30/20,NA,NA
69.14,69.14,4.9,4.38,55,142,D3:2,1/30/20,NA,NA
69.15,69.15,4.5,4.12,55,142,D3:2,1/30/20,NA,NA
69.16,69.16,5.1,4.24,55,142,D3:2,1/30/20,NA,NA
69.17,69.17,5.28,4.21,55,142,D3:2,1/30/20,NA,NA
69.18,69.18,5.55,4.17,55,142,D3:2,1/30/20,NA,NA
69.19,69.19,3.08,4.24,55,142,D3:2,1/30/20,NA,NA